n,tp_rate_pct,sl_rate_pct,time_rate_pct,win_rate_pct,avg_net_pct,expectancy_pct,median_net_pct,avg_gross_pct,avg_mae_pct,avg_mfe_pct,worst_mae_pct,best_mfe_pct,avg_hold_bars,avg_time_to_tp,avg_time_to_sl,sharpe_per_trade,combo,mode,tp,sl,scope,bucket
48865,29.6,68.9,1.5,29.91,-1.09,-1.09,-2.3,-0.79,-3.143,2.382,-60.0,90.07,1.37,1.42,1.27,-0.597,TP2%/SL2%,pct,0.02,0.02,Full,"[0.30, 0.35)"
103067,33.04,64.89,2.07,33.53,-0.941,-0.941,-2.3,-0.641,-2.86,2.35,-80.0,45.0,1.46,1.47,1.34,-0.502,TP2%/SL2%,pct,0.02,0.02,Full,"[0.35, 0.40)"
141982,36.39,61.28,2.33,36.92,-0.802,-0.802,-2.3,-0.502,-2.643,2.379,-82.96,59.07,1.51,1.5,1.39,-0.419,TP2%/SL2%,pct,0.02,0.02,Full,"[0.40, 0.45)"
257220,39.09,58.28,2.64,39.79,-0.688,-0.688,-2.3,-0.388,-2.497,2.381,-34.14,45.45,1.57,1.54,1.44,-0.355,TP2%/SL2%,pct,0.02,0.02,Full,"[0.45, 0.50)"
322349,41.69,55.27,3.04,42.59,-0.574,-0.574,-2.3,-0.274,-2.367,2.375,-41.38,42.86,1.64,1.6,1.49,-0.294,TP2%/SL2%,pct,0.02,0.02,Full,"[0.50, 0.55)"
355606,43.91,52.37,3.72,45.1,-0.471,-0.471,-2.3,-0.171,-2.266,2.41,-98.2,169.41,1.71,1.65,1.54,-0.24,TP2%/SL2%,pct,0.02,0.02,Full,"[0.55, 0.60)"
203838,44.94,50.75,4.3,46.33,-0.417,-0.417,-2.3,-0.117,-2.236,2.456,-98.98,169.41,1.74,1.66,1.54,-0.213,TP2%/SL2%,pct,0.02,0.02,Full,"[0.60, 0.65)"
66999,45.09,51.27,3.65,46.15,-0.424,-0.424,-2.3,-0.124,-2.436,2.855,-53.12,880.09,1.55,1.48,1.37,-0.216,TP2%/SL2%,pct,0.02,0.02,Full,"[0.65, 0.70)"
8054,46.24,49.32,4.44,46.77,-0.36,-0.36,-0.354,-0.06,-2.612,3.781,-27.13,30.43,1.42,1.35,1.17,-0.184,TP2%/SL2%,pct,0.02,0.02,Full,"[0.70, 0.75)"
796,52.14,34.42,13.44,52.76,0.067,0.067,1.7,0.367,-1.986,2.878,-19.6,12.2,2.3,2.12,1.53,0.036,TP2%/SL2%,pct,0.02,0.02,Full,"[0.75, 0.80)"
7708,31.11,66.55,2.34,31.54,-1.015,-1.015,-2.3,-0.715,-2.808,2.182,-25.36,22.71,1.49,1.46,1.38,-0.549,TP2%/SL2%,pct,0.02,0.02,OOS,"[0.30, 0.35)"
15462,34.32,62.4,3.27,35.11,-0.869,-0.869,-2.3,-0.569,-2.578,2.179,-23.45,21.84,1.63,1.57,1.48,-0.46,TP2%/SL2%,pct,0.02,0.02,OOS,"[0.35, 0.40)"
21296,36.6,59.95,3.45,37.54,-0.772,-0.772,-2.3,-0.472,-2.417,2.165,-25.73,25.26,1.68,1.58,1.56,-0.403,TP2%/SL2%,pct,0.02,0.02,OOS,"[0.40, 0.45)"
38176,38.55,57.45,4.0,39.71,-0.683,-0.683,-2.3,-0.383,-2.334,2.162,-22.0,29.96,1.74,1.63,1.59,-0.354,TP2%/SL2%,pct,0.02,0.02,OOS,"[0.45, 0.50)"
45619,40.19,55.4,4.42,41.56,-0.607,-0.607,-2.3,-0.307,-2.254,2.152,-24.38,22.75,1.8,1.69,1.63,-0.313,TP2%/SL2%,pct,0.02,0.02,OOS,"[0.50, 0.55)"
50132,41.58,52.85,5.57,43.25,-0.525,-0.525,-2.3,-0.225,-2.17,2.131,-22.06,26.58,1.88,1.72,1.67,-0.271,TP2%/SL2%,pct,0.02,0.02,OOS,"[0.55, 0.60)"
30057,41.99,51.6,6.4,43.96,-0.493,-0.493,-2.3,-0.193,-2.143,2.158,-24.28,28.64,1.93,1.75,1.69,-0.255,TP2%/SL2%,pct,0.02,0.02,OOS,"[0.60, 0.65)"
10938,43.41,51.96,4.64,44.57,-0.471,-0.471,-2.3,-0.171,-2.254,2.459,-23.79,41.17,1.66,1.53,1.47,-0.241,TP2%/SL2%,pct,0.02,0.02,OOS,"[0.65, 0.70)"
1209,43.26,45.99,10.75,43.42,-0.346,-0.346,-0.221,-0.046,-2.173,2.956,-19.86,20.82,1.61,1.25,1.17,-0.183,TP2%/SL2%,pct,0.02,0.02,OOS,"[0.70, 0.75)"
67,25.37,20.9,53.73,25.37,-0.172,-0.172,-0.217,0.128,-0.99,1.402,-9.52,5.42,3.81,2.53,2.29,-0.127,TP2%/SL2%,pct,0.02,0.02,OOS,"[0.75, 0.80)"
48865,39.95,56.33,3.71,40.47,-1.219,-1.219,-3.3,-0.919,-3.403,2.588,-60.0,90.07,1.67,1.54,1.55,-0.503,TP2%/SL3%,pct,0.02,0.03,Full,"[0.30, 0.35)"
103067,43.39,51.87,4.74,44.14,-1.021,-1.021,-3.3,-0.721,-3.135,2.563,-80.0,45.0,1.79,1.6,1.65,-0.419,TP2%/SL3%,pct,0.02,0.03,Full,"[0.35, 0.40)"
141982,46.75,48.02,5.23,47.57,-0.842,-0.842,-1.355,-0.542,-2.923,2.604,-82.96,59.07,1.86,1.63,1.74,-0.345,TP2%/SL3%,pct,0.02,0.03,Full,"[0.40, 0.45)"
257220,49.27,44.93,5.8,50.3,-0.7,-0.7,0.228,-0.4,-2.774,2.609,-34.14,45.45,1.93,1.68,1.81,-0.287,TP2%/SL3%,pct,0.02,0.03,Full,"[0.45, 0.50)"
322349,51.58,41.84,6.58,52.93,-0.561,-0.561,1.7,-0.261,-2.637,2.605,-57.39,42.86,2.01,1.74,1.87,-0.232,TP2%/SL3%,pct,0.02,0.03,Full,"[0.50, 0.55)"
355606,53.47,38.93,7.6,55.18,-0.436,-0.436,1.7,-0.136,-2.517,2.631,-98.2,169.41,2.08,1.78,1.92,-0.182,TP2%/SL3%,pct,0.02,0.03,Full,"[0.55, 0.60)"
203838,54.42,37.28,8.3,56.38,-0.367,-0.367,1.7,-0.067,-2.467,2.664,-98.98,169.41,2.09,1.78,1.89,-0.155,TP2%/SL3%,pct,0.02,0.03,Full,"[0.60, 0.65)"
66999,55.22,38.56,6.22,56.69,-0.374,-0.374,1.7,-0.074,-2.615,3.03,-53.12,880.09,1.81,1.58,1.63,-0.156,TP2%/SL3%,pct,0.02,0.03,Full,"[0.65, 0.70)"
8054,56.88,37.97,5.15,57.49,-0.306,-0.306,1.7,-0.006,-2.706,3.916,-27.13,30.43,1.53,1.37,1.29,-0.128,TP2%/SL3%,pct,0.02,0.03,Full,"[0.70, 0.75)"
796,54.9,31.03,14.07,55.65,-0.127,-0.127,1.7,0.173,-2.051,2.94,-22.12,12.2,2.36,2.11,1.62,-0.057,TP2%/SL3%,pct,0.02,0.03,Full,"[0.75, 0.80)"
7708,41.1,52.97,5.93,41.79,-1.117,-1.117,-3.3,-0.817,-3.102,2.404,-25.36,22.71,1.88,1.61,1.73,-0.462,TP2%/SL3%,pct,0.02,0.03,OOS,"[0.30, 0.35)"
15462,44.32,48.47,7.21,45.54,-0.918,-0.918,-1.874,-0.618,-2.899,2.4,-23.45,21.84,2.03,1.71,1.88,-0.379,TP2%/SL3%,pct,0.02,0.03,OOS,"[0.35, 0.40)"
21296,46.22,45.73,8.06,47.64,-0.803,-0.803,-0.875,-0.503,-2.736,2.392,-25.73,25.26,2.11,1.73,1.99,-0.333,TP2%/SL3%,pct,0.02,0.03,OOS,"[0.40, 0.45)"
38176,47.99,43.74,8.27,49.65,-0.701,-0.701,-0.169,-0.401,-2.639,2.39,-22.0,29.96,2.15,1.77,2.03,-0.291,TP2%/SL3%,pct,0.02,0.03,OOS,"[0.45, 0.50)"
45619,49.55,41.45,8.99,51.52,-0.6,-0.6,0.832,-0.3,-2.556,2.385,-24.38,22.75,2.22,1.83,2.09,-0.251,TP2%/SL3%,pct,0.02,0.03,OOS,"[0.50, 0.55)"
50132,50.52,38.97,10.51,52.9,-0.505,-0.505,1.7,-0.205,-2.447,2.347,-22.06,26.58,2.28,1.86,2.09,-0.213,TP2%/SL3%,pct,0.02,0.03,OOS,"[0.55, 0.60)"
30057,50.97,37.25,11.77,53.71,-0.448,-0.448,1.7,-0.148,-2.4,2.365,-24.28,28.64,2.33,1.88,2.1,-0.191,TP2%/SL3%,pct,0.02,0.03,OOS,"[0.60, 0.65)"
10938,53.27,38.54,8.19,54.99,-0.421,-0.421,1.7,-0.121,-2.477,2.663,-23.79,41.17,1.98,1.65,1.81,-0.177,TP2%/SL3%,pct,0.02,0.03,OOS,"[0.65, 0.70)"
1209,53.18,34.74,12.08,53.52,-0.281,-0.281,1.7,0.019,-2.33,3.092,-19.86,20.82,1.77,1.29,1.36,-0.122,TP2%/SL3%,pct,0.02,0.03,OOS,"[0.70, 0.75)"
67,28.36,16.42,55.22,28.36,-0.222,-0.222,-0.215,0.078,-0.997,1.443,-9.52,5.42,3.9,2.53,2.55,-0.135,TP2%/SL3%,pct,0.02,0.03,OOS,"[0.75, 0.80)"
48865,52.52,36.6,10.87,53.28,-1.27,-1.27,1.7,-0.97,-3.928,2.875,-60.0,90.07,2.22,1.71,2.14,-0.386,TP2%/SL5%,pct,0.02,0.05,Full,"[0.30, 0.35)"
103067,54.78,32.89,12.33,55.83,-1.054,-1.054,1.7,-0.754,-3.64,2.845,-80.0,45.0,2.33,1.76,2.28,-0.326,TP2%/SL5%,pct,0.02,0.05,Full,"[0.35, 0.40)"
141982,57.43,29.4,13.17,58.58,-0.837,-0.837,1.7,-0.537,-3.398,2.874,-82.96,59.07,2.39,1.79,2.39,-0.265,TP2%/SL5%,pct,0.02,0.05,Full,"[0.40, 0.45)"
257220,59.11,27.01,13.88,60.48,-0.686,-0.686,1.7,-0.386,-3.226,2.868,-58.04,165.51,2.44,1.83,2.47,-0.221,TP2%/SL5%,pct,0.02,0.05,Full,"[0.45, 0.50)"
322349,60.66,24.42,14.92,62.42,-0.523,-0.523,1.7,-0.223,-3.046,2.847,-57.39,42.86,2.5,1.88,2.52,-0.173,TP2%/SL5%,pct,0.02,0.05,Full,"[0.50, 0.55)"
355606,61.95,21.98,16.07,64.15,-0.375,-0.375,1.7,-0.075,-2.88,2.857,-98.2,169.41,2.54,1.91,2.53,-0.128,TP2%/SL5%,pct,0.02,0.05,Full,"[0.55, 0.60)"
203838,63.05,20.61,16.34,65.53,-0.268,-0.268,1.7,0.032,-2.796,2.881,-98.98,169.41,2.52,1.9,2.46,-0.093,TP2%/SL5%,pct,0.02,0.05,Full,"[0.60, 0.65)"
66999,66.15,22.2,11.65,67.98,-0.216,-0.216,1.7,0.084,-2.905,3.26,-53.12,880.09,2.16,1.69,2.08,-0.074,TP2%/SL5%,pct,0.02,0.05,Full,"[0.65, 0.70)"
8054,70.76,22.71,6.53,71.44,-0.054,-0.054,1.7,0.246,-2.883,4.145,-27.13,30.43,1.71,1.46,1.55,-0.018,TP2%/SL5%,pct,0.02,0.05,Full,"[0.70, 0.75)"
796,65.2,20.23,14.57,65.95,-0.016,-0.016,1.7,0.284,-2.17,3.093,-22.12,12.2,2.47,2.12,1.75,-0.006,TP2%/SL5%,pct,0.02,0.05,Full,"[0.75, 0.80)"
7708,52.35,31.53,16.13,53.32,-1.113,-1.113,1.7,-0.813,-3.589,2.689,-25.36,22.71,2.51,1.8,2.43,-0.35,TP2%/SL5%,pct,0.02,0.05,OOS,"[0.30, 0.35)"
15462,54.18,28.47,17.35,55.85,-0.92,-0.92,1.7,-0.62,-3.365,2.681,-23.45,21.84,2.62,1.87,2.6,-0.295,TP2%/SL5%,pct,0.02,0.05,OOS,"[0.35, 0.40)"
21296,55.25,25.98,18.76,57.14,-0.791,-0.791,1.7,-0.491,-3.198,2.663,-25.73,25.26,2.69,1.89,2.73,-0.259,TP2%/SL5%,pct,0.02,0.05,OOS,"[0.40, 0.45)"
38176,56.55,24.79,18.66,58.68,-0.688,-0.688,1.7,-0.388,-3.076,2.647,-22.93,29.96,2.7,1.92,2.76,-0.228,TP2%/SL5%,pct,0.02,0.05,OOS,"[0.45, 0.50)"
45619,57.45,22.97,19.58,59.99,-0.575,-0.575,1.7,-0.275,-2.96,2.618,-25.25,22.75,2.75,1.97,2.79,-0.194,TP2%/SL5%,pct,0.02,0.05,OOS,"[0.50, 0.55)"
50132,58.06,20.93,21.01,61.05,-0.451,-0.451,1.7,-0.151,-2.808,2.568,-23.09,26.58,2.78,1.99,2.75,-0.156,TP2%/SL5%,pct,0.02,0.05,OOS,"[0.55, 0.60)"
30057,58.33,19.76,21.92,61.74,-0.38,-0.38,1.7,-0.08,-2.74,2.577,-24.28,28.64,2.8,2.0,2.75,-0.134,TP2%/SL5%,pct,0.02,0.05,OOS,"[0.60, 0.65)"
10938,62.75,21.85,15.4,64.89,-0.314,-0.314,1.7,-0.014,-2.836,2.917,-31.76,41.17,2.43,1.78,2.49,-0.108,TP2%/SL5%,pct,0.02,0.05,OOS,"[0.65, 0.70)"
1209,64.6,21.34,14.06,65.01,-0.119,-0.119,1.7,0.181,-2.563,3.312,-19.86,20.82,2.02,1.41,1.91,-0.042,TP2%/SL5%,pct,0.02,0.05,OOS,"[0.70, 0.75)"
67,38.81,5.97,55.22,38.81,0.181,0.181,-0.207,0.481,-1.031,1.572,-9.52,9.94,3.94,2.81,1.5,0.106,TP2%/SL5%,pct,0.02,0.05,OOS,"[0.75, 0.80)"
48865,24.08,73.04,2.88,25.08,-1.037,-1.037,-2.3,-0.737,-3.261,2.514,-60.0,90.07,1.53,1.61,1.36,-0.485,TP3%/SL2%,pct,0.03,0.02,Full,"[0.30, 0.35)"
103067,26.51,69.59,3.9,27.98,-0.892,-0.892,-2.3,-0.592,-2.989,2.517,-80.0,45.0,1.65,1.71,1.44,-0.405,TP3%/SL2%,pct,0.03,0.02,Full,"[0.35, 0.40)"
141982,29.23,66.37,4.39,30.91,-0.745,-0.745,-2.3,-0.445,-2.787,2.569,-82.96,59.07,1.74,1.76,1.51,-0.329,TP3%/SL2%,pct,0.03,0.02,Full,"[0.40, 0.45)"
257220,31.35,63.54,5.11,33.48,-0.621,-0.621,-2.3,-0.321,-2.647,2.597,-37.55,45.45,1.83,1.84,1.57,-0.269,TP3%/SL2%,pct,0.03,0.02,Full,"[0.45, 0.50)"
322349,33.27,60.68,6.05,36.06,-0.499,-0.499,-2.3,-0.199,-2.521,2.618,-98.16,42.86,1.93,1.91,1.63,-0.214,TP3%/SL2%,pct,0.03,0.02,Full,"[0.50, 0.55)"
355606,35.13,57.55,7.32,38.66,-0.372,-0.372,-2.3,-0.072,-2.416,2.669,-98.2,169.41,2.02,1.97,1.68,-0.158,TP3%/SL2%,pct,0.03,0.02,Full,"[0.55, 0.60)"
203838,35.99,55.78,8.23,40.01,-0.306,-0.306,-2.3,-0.006,-2.384,2.718,-98.98,169.41,2.06,1.98,1.68,-0.13,TP3%/SL2%,pct,0.03,0.02,Full,"[0.60, 0.65)"
66999,37.94,55.78,6.28,40.78,-0.256,-0.256,-2.3,0.044,-2.572,3.095,-53.12,880.09,1.81,1.75,1.5,-0.107,TP3%/SL2%,pct,0.03,0.02,Full,"[0.65, 0.70)"
8054,42.75,51.97,5.28,43.93,-0.046,-0.046,-2.3,0.254,-2.692,3.95,-27.13,30.43,1.54,1.49,1.24,-0.019,TP3%/SL2%,pct,0.03,0.02,Full,"[0.70, 0.75)"
796,50.25,35.3,14.45,51.01,0.517,0.517,2.7,0.817,-2.049,3.001,-19.6,13.23,2.4,2.23,1.57,0.225,TP3%/SL2%,pct,0.03,0.02,Full,"[0.75, 0.80)"
7708,24.55,71.2,4.26,25.88,-0.988,-0.988,-2.3,-0.688,-2.931,2.311,-25.36,22.97,1.68,1.66,1.49,-0.459,TP3%/SL2%,pct,0.03,0.02,OOS,"[0.30, 0.35)"
15462,26.16,67.76,6.08,28.56,-0.864,-0.864,-2.3,-0.564,-2.719,2.354,-23.45,21.84,1.86,1.83,1.6,-0.394,TP3%/SL2%,pct,0.03,0.02,OOS,"[0.35, 0.40)"
21296,27.85,65.73,6.41,30.5,-0.768,-0.768,-2.3,-0.468,-2.577,2.345,-25.73,25.26,1.94,1.85,1.69,-0.344,TP3%/SL2%,pct,0.03,0.02,OOS,"[0.40, 0.45)"
38176,29.31,63.19,7.5,32.58,-0.668,-0.668,-2.3,-0.368,-2.493,2.371,-22.0,29.96,2.03,1.93,1.72,-0.296,TP3%/SL2%,pct,0.03,0.02,OOS,"[0.45, 0.50)"
45619,30.44,61.3,8.26,34.23,-0.589,-0.589,-2.3,-0.289,-2.42,2.371,-24.38,22.75,2.11,2.0,1.77,-0.258,TP3%/SL2%,pct,0.03,0.02,OOS,"[0.50, 0.55)"
50132,31.44,58.45,10.11,36.12,-0.491,-0.491,-2.3,-0.191,-2.329,2.364,-22.06,26.58,2.21,2.05,1.81,-0.214,TP3%/SL2%,pct,0.03,0.02,OOS,"[0.55, 0.60)"
30057,31.88,57.11,11.01,37.0,-0.45,-0.45,-2.3,-0.15,-2.302,2.389,-24.28,28.64,2.26,2.08,1.83,-0.197,TP3%/SL2%,pct,0.03,0.02,OOS,"[0.60, 0.65)"
10938,34.57,57.68,7.75,37.7,-0.396,-0.396,-2.3,-0.096,-2.426,2.691,-23.79,41.17,1.95,1.82,1.62,-0.169,TP3%/SL2%,pct,0.03,0.02,OOS,"[0.65, 0.70)"
1209,36.48,51.86,11.66,37.22,-0.227,-0.227,-2.3,0.073,-2.347,3.139,-19.86,20.82,1.8,1.47,1.31,-0.098,TP3%/SL2%,pct,0.03,0.02,OOS,"[0.70, 0.75)"
67,17.91,20.9,61.19,19.4,-0.103,-0.103,-0.218,0.197,-0.99,1.572,-9.52,7.91,3.99,2.5,2.29,-0.065,TP3%/SL2%,pct,0.03,0.02,OOS,"[0.75, 0.80)"
48865,32.09,61.44,6.47,33.73,-1.209,-1.209,-3.3,-0.909,-3.587,2.78,-60.0,90.07,1.91,1.76,1.67,-0.436,TP3%/SL3%,pct,0.03,0.03,Full,"[0.30, 0.35)"
103067,34.55,57.26,8.19,36.78,-1.012,-1.012,-3.3,-0.712,-3.333,2.796,-80.0,45.0,2.07,1.86,1.78,-0.361,TP3%/SL3%,pct,0.03,0.03,Full,"[0.35, 0.40)"
141982,37.44,53.51,9.04,39.96,-0.815,-0.815,-3.3,-0.515,-3.133,2.856,-82.96,59.07,2.17,1.91,1.87,-0.287,TP3%/SL3%,pct,0.03,0.03,Full,"[0.40, 0.45)"
257220,39.41,50.4,10.18,42.52,-0.659,-0.659,-3.3,-0.359,-2.989,2.893,-37.55,45.45,2.28,1.99,1.95,-0.232,TP3%/SL3%,pct,0.03,0.03,Full,"[0.45, 0.50)"
322349,41.18,47.16,11.66,45.16,-0.502,-0.502,-1.439,-0.202,-2.851,2.917,-98.16,42.86,2.39,2.06,2.02,-0.177,TP3%/SL3%,pct,0.03,0.03,Full,"[0.50, 0.55)"
355606,42.82,43.86,13.32,47.7,-0.346,-0.346,-0.519,-0.046,-2.721,2.956,-98.2,169.41,2.47,2.1,2.07,-0.122,TP3%/SL3%,pct,0.03,0.03,Full,"[0.55, 0.60)"
203838,43.66,41.99,14.36,49.1,-0.257,-0.257,-0.206,0.043,-2.667,2.991,-98.98,169.41,2.49,2.11,2.04,-0.091,TP3%/SL3%,pct,0.03,0.03,Full,"[0.60, 0.65)"
66999,46.5,43.1,10.4,50.36,-0.201,-0.201,0.13,0.099,-2.807,3.339,-53.12,880.09,2.15,1.85,1.77,-0.07,TP3%/SL3%,pct,0.03,0.03,Full,"[0.65, 0.70)"
8054,52.45,41.13,6.42,53.87,0.043,0.043,2.7,0.343,-2.827,4.154,-27.13,30.43,1.7,1.53,1.39,0.015,TP3%/SL3%,pct,0.03,0.03,Full,"[0.70, 0.75)"
796,52.76,32.04,15.2,53.64,0.331,0.331,2.7,0.631,-2.122,3.077,-22.12,13.23,2.47,2.23,1.67,0.123,TP3%/SL3%,pct,0.03,0.03,Full,"[0.75, 0.80)"
7708,32.02,58.23,9.76,34.22,-1.137,-1.137,-3.3,-0.837,-3.29,2.588,-25.36,22.97,2.15,1.81,1.87,-0.413,TP3%/SL3%,pct,0.03,0.03,OOS,"[0.30, 0.35)"
15462,34.04,53.82,12.14,37.56,-0.938,-0.938,-3.3,-0.638,-3.101,2.64,-23.45,21.84,2.36,1.99,2.01,-0.339,TP3%/SL3%,pct,0.03,0.03,OOS,"[0.35, 0.40)"
21296,35.42,51.27,13.31,39.32,-0.823,-0.823,-3.3,-0.523,-2.953,2.631,-25.73,25.26,2.46,1.99,2.12,-0.296,TP3%/SL3%,pct,0.03,0.03,OOS,"[0.40, 0.45)"
38176,36.64,49.22,14.14,41.19,-0.713,-0.713,-2.451,-0.413,-2.857,2.663,-22.0,29.96,2.53,2.07,2.17,-0.256,TP3%/SL3%,pct,0.03,0.03,OOS,"[0.45, 0.50)"
45619,37.84,46.87,15.28,43.09,-0.599,-0.599,-1.606,-0.299,-2.779,2.671,-24.38,22.75,2.62,2.15,2.23,-0.215,TP3%/SL3%,pct,0.03,0.03,OOS,"[0.50, 0.55)"
50132,38.47,43.96,17.57,44.84,-0.48,-0.48,-0.883,-0.18,-2.657,2.638,-22.06,26.58,2.7,2.18,2.23,-0.173,TP3%/SL3%,pct,0.03,0.03,OOS,"[0.55, 0.60)"
30057,38.89,42.26,18.85,45.81,-0.416,-0.416,-0.617,-0.116,-2.61,2.653,-24.28,28.64,2.75,2.21,2.24,-0.151,TP3%/SL3%,pct,0.03,0.03,OOS,"[0.60, 0.65)"
10938,42.39,44.24,13.37,46.83,-0.371,-0.371,-0.516,-0.071,-2.711,2.971,-23.79,41.17,2.37,1.95,1.96,-0.131,TP3%/SL3%,pct,0.03,0.03,OOS,"[0.65, 0.70)"
1209,44.42,41.77,13.81,45.57,-0.218,-0.218,-0.218,0.082,-2.591,3.37,-19.86,20.82,2.03,1.54,1.56,-0.078,TP3%/SL3%,pct,0.03,0.03,OOS,"[0.70, 0.75)"
67,19.4,17.91,62.69,20.9,-0.213,-0.213,-0.217,0.087,-1.027,1.613,-9.52,7.91,4.09,2.54,2.58,-0.113,TP3%/SL3%,pct,0.03,0.03,OOS,"[0.75, 0.80)"
48865,42.05,41.28,16.67,44.48,-1.335,-1.335,-1.616,-1.035,-4.211,3.137,-60.0,90.07,2.58,1.94,2.26,-0.36,TP3%/SL5%,pct,0.03,0.05,Full,"[0.30, 0.35)"
103067,43.76,37.47,18.77,46.83,-1.108,-1.108,-0.843,-0.808,-3.935,3.144,-80.0,45.0,2.73,2.03,2.4,-0.302,TP3%/SL5%,pct,0.03,0.05,Full,"[0.35, 0.40)"
141982,46.09,33.82,20.09,49.51,-0.865,-0.865,-0.146,-0.565,-3.701,3.193,-82.96,59.07,2.81,2.07,2.51,-0.239,TP3%/SL5%,pct,0.03,0.05,Full,"[0.40, 0.45)"
257220,47.39,31.17,21.44,51.46,-0.691,-0.691,0.478,-0.391,-3.526,3.218,-58.04,165.51,2.9,2.14,2.6,-0.194,TP3%/SL5%,pct,0.03,0.05,Full,"[0.45, 0.50)"
322349,48.6,28.14,23.26,53.72,-0.493,-0.493,1.168,-0.193,-3.334,3.221,-98.16,42.86,2.98,2.2,2.64,-0.141,TP3%/SL5%,pct,0.03,0.05,Full,"[0.50, 0.55)"
355606,49.81,25.32,24.87,55.9,-0.301,-0.301,2.083,-0.001,-3.151,3.24,-98.2,169.41,3.03,2.23,2.65,-0.088,TP3%/SL5%,pct,0.03,0.05,Full,"[0.55, 0.60)"
203838,50.87,23.77,25.36,57.62,-0.164,-0.164,2.7,0.136,-3.057,3.27,-98.98,169.41,3.01,2.23,2.58,-0.049,TP3%/SL5%,pct,0.03,0.05,Full,"[0.60, 0.65)"
66999,55.96,25.84,18.2,60.79,-0.049,-0.049,2.7,0.251,-3.17,3.649,-98.13,880.09,2.59,1.98,2.23,-0.014,TP3%/SL5%,pct,0.03,0.05,Full,"[0.65, 0.70)"
8054,65.42,25.76,8.82,67.21,0.34,0.34,2.7,0.64,-3.075,4.473,-27.13,30.43,1.96,1.65,1.71,0.098,TP3%/SL5%,pct,0.03,0.05,Full,"[0.70, 0.75)"
796,62.69,21.11,16.21,63.57,0.508,0.508,2.7,0.808,-2.252,3.257,-22.12,14.12,2.59,2.22,1.83,0.158,TP3%/SL5%,pct,0.03,0.05,Full,"[0.75, 0.80)"
7708,40.49,35.5,24.01,43.68,-1.2,-1.2,-1.322,-0.9,-3.868,2.942,-25.36,22.97,2.91,2.01,2.53,-0.336,TP3%/SL5%,pct,0.03,0.05,OOS,"[0.30, 0.35)"
15462,42.03,32.32,25.65,46.64,-0.979,-0.979,-0.677,-0.679,-3.644,2.988,-23.45,21.84,3.07,2.16,2.7,-0.277,TP3%/SL5%,pct,0.03,0.05,OOS,"[0.35, 0.40)"
21296,42.67,29.58,27.75,47.72,-0.842,-0.842,-0.402,-0.542,-3.486,2.956,-25.73,25.26,3.14,2.16,2.82,-0.242,TP3%/SL5%,pct,0.03,0.05,OOS,"[0.40, 0.45)"
38176,43.51,28.48,28.01,49.28,-0.732,-0.732,-0.163,-0.432,-3.365,2.975,-22.93,29.96,3.18,2.23,2.86,-0.212,TP3%/SL5%,pct,0.03,0.05,OOS,"[0.45, 0.50)"
45619,44.27,26.46,29.27,50.84,-0.596,-0.596,0.153,-0.296,-3.246,2.956,-25.25,22.75,3.24,2.29,2.89,-0.175,TP3%/SL5%,pct,0.03,0.05,OOS,"[0.50, 0.55)"
50132,44.63,24.08,31.29,52.48,-0.435,-0.435,0.463,-0.135,-3.074,2.913,-23.09,26.58,3.29,2.32,2.86,-0.131,TP3%/SL5%,pct,0.03,0.05,OOS,"[0.55, 0.60)"
30057,44.92,22.91,32.17,53.39,-0.357,-0.357,0.579,-0.057,-3.007,2.915,-24.28,28.64,3.31,2.33,2.86,-0.109,TP3%/SL5%,pct,0.03,0.05,OOS,"[0.60, 0.65)"
10938,50.66,25.95,23.4,56.2,-0.271,-0.271,2.7,0.029,-3.145,3.299,-31.76,41.17,2.91,2.1,2.62,-0.079,TP3%/SL5%,pct,0.03,0.05,OOS,"[0.65, 0.70)"
1209,55.17,27.21,17.62,56.66,-0.071,-0.071,2.7,0.229,-2.949,3.71,-19.86,20.82,2.43,1.73,2.19,-0.02,TP3%/SL5%,pct,0.03,0.05,OOS,"[0.70, 0.75)"
67,26.87,8.96,64.18,28.36,0.094,0.094,-0.214,0.394,-1.116,1.742,-9.52,9.94,4.16,2.72,2.5,0.044,TP3%/SL5%,pct,0.03,0.05,OOS,"[0.75, 0.80)"
48865,15.81,78.04,6.15,19.19,-1.028,-1.028,-2.3,-0.728,-3.419,2.73,-60.0,90.07,1.77,1.97,1.47,-0.398,TP5%/SL2%,pct,0.05,0.02,Full,"[0.30, 0.35)"
103067,17.3,74.8,7.9,21.75,-0.873,-0.873,-2.3,-0.573,-3.156,2.77,-80.0,45.0,1.93,2.12,1.56,-0.326,TP5%/SL2%,pct,0.05,0.02,Full,"[0.35, 0.40)"
141982,19.09,71.81,9.1,24.27,-0.712,-0.712,-2.3,-0.412,-2.958,2.875,-82.96,416.39,2.05,2.23,1.63,-0.257,TP5%/SL2%,pct,0.05,0.02,Full,"[0.40, 0.45)"
257220,20.47,68.86,10.68,26.87,-0.561,-0.561,-2.3,-0.261,-2.814,2.925,-43.51,408.06,2.18,2.32,1.7,-0.197,TP5%/SL2%,pct,0.05,0.02,Full,"[0.45, 0.50)"
322349,21.39,65.97,12.64,29.42,-0.426,-0.426,-2.3,-0.126,-2.687,2.971,-98.16,408.06,2.31,2.4,1.77,-0.148,TP5%/SL2%,pct,0.05,0.02,Full,"[0.50, 0.55)"
355606,22.53,62.63,14.85,32.21,-0.271,-0.271,-2.3,0.029,-2.58,3.05,-98.2,434.36,2.43,2.46,1.81,-0.092,TP5%/SL2%,pct,0.05,0.02,Full,"[0.55, 0.60)"
203838,23.14,60.57,16.29,33.89,-0.177,-0.177,-2.3,0.123,-2.544,3.107,-98.98,169.41,2.48,2.48,1.81,-0.06,TP5%/SL2%,pct,0.05,0.02,Full,"[0.60, 0.65)"
66999,26.77,60.73,12.5,34.78,-0.041,-0.041,-2.3,0.259,-2.742,3.52,-53.12,880.09,2.21,2.22,1.63,-0.013,TP5%/SL2%,pct,0.05,0.02,Full,"[0.65, 0.70)"
8054,36.48,55.9,7.62,39.45,0.461,0.461,-2.3,0.761,-2.841,4.541,-27.13,30.43,1.84,1.95,1.35,0.139,TP5%/SL2%,pct,0.05,0.02,Full,"[0.70, 0.75)"
796,44.22,37.19,18.59,48.24,1.31,1.31,-0.193,1.61,-2.136,4.461,-19.6,15.35,2.85,2.92,1.69,0.404,TP5%/SL2%,pct,0.05,0.02,Full,"[0.75, 0.80)"
7708,15.27,76.09,8.64,19.77,-1.002,-1.002,-2.3,-0.702,-3.078,2.532,-25.36,22.97,1.95,2.01,1.6,-0.391,TP5%/SL2%,pct,0.05,0.02,OOS,"[0.30, 0.35)"
15462,15.99,72.66,11.36,22.33,-0.877,-0.877,-2.3,-0.577,-2.874,2.583,-23.45,25.56,2.16,2.21,1.7,-0.336,TP5%/SL2%,pct,0.05,0.02,OOS,"[0.35, 0.40)"
21296,16.72,71.0,12.28,23.82,-0.79,-0.79,-2.3,-0.49,-2.737,2.611,-25.73,25.26,2.28,2.29,1.81,-0.297,TP5%/SL2%,pct,0.05,0.02,OOS,"[0.40, 0.45)"
38176,17.66,68.34,14.0,25.9,-0.669,-0.669,-2.3,-0.369,-2.656,2.648,-22.0,29.96,2.38,2.38,1.84,-0.247,TP5%/SL2%,pct,0.05,0.02,OOS,"[0.45, 0.50)"
45619,17.95,66.43,15.62,27.72,-0.583,-0.583,-2.3,-0.283,-2.578,2.666,-24.38,25.98,2.49,2.46,1.9,-0.213,TP5%/SL2%,pct,0.05,0.02,OOS,"[0.50, 0.55)"
50132,18.4,63.49,18.12,29.63,-0.477,-0.477,-2.3,-0.177,-2.489,2.676,-63.93,26.58,2.61,2.56,1.94,-0.173,TP5%/SL2%,pct,0.05,0.02,OOS,"[0.55, 0.60)"
30057,18.31,62.06,19.63,30.6,-0.434,-0.434,-2.3,-0.134,-2.469,2.696,-24.28,28.64,2.67,2.59,1.96,-0.157,TP5%/SL2%,pct,0.05,0.02,OOS,"[0.60, 0.65)"
10938,21.78,63.32,14.9,30.86,-0.33,-0.33,-2.3,-0.03,-2.621,3.026,-23.79,41.17,2.36,2.3,1.76,-0.114,TP5%/SL2%,pct,0.05,0.02,OOS,"[0.65, 0.70)"
1209,26.55,57.73,15.72,30.6,-0.021,-0.021,-2.3,0.279,-2.555,3.533,-19.86,20.82,2.12,1.85,1.47,-0.007,TP5%/SL2%,pct,0.05,0.02,OOS,"[0.70, 0.75)"
67,11.94,22.39,65.67,14.93,-0.015,-0.015,-0.219,0.285,-1.027,1.79,-9.52,10.05,4.1,2.38,2.4,-0.007,TP5%/SL2%,pct,0.05,0.02,OOS,"[0.75, 0.80)"
48865,20.8,67.08,12.12,25.97,-1.252,-1.252,-3.3,-0.952,-3.815,3.065,-60.0,90.07,2.25,2.11,1.79,-0.384,TP5%/SL3%,pct,0.05,0.03,Full,"[0.30, 0.35)"
103067,22.41,62.9,14.69,28.91,-1.033,-1.033,-3.3,-0.733,-3.565,3.126,-80.0,45.0,2.45,2.26,1.91,-0.31,TP5%/SL3%,pct,0.05,0.03,Full,"[0.35, 0.40)"
141982,24.44,59.02,16.54,31.87,-0.805,-0.805,-3.3,-0.505,-3.367,3.246,-82.96,416.39,2.59,2.36,2.01,-0.236,TP5%/SL3%,pct,0.05,0.03,Full,"[0.40, 0.45)"
257220,25.65,55.67,18.68,34.58,-0.618,-0.618,-3.3,-0.318,-3.215,3.304,-43.51,408.06,2.73,2.45,2.09,-0.18,TP5%/SL3%,pct,0.05,0.03,Full,"[0.45, 0.50)"
322349,26.47,52.15,21.38,37.42,-0.437,-0.437,-3.3,-0.137,-3.071,3.351,-98.16,408.06,2.87,2.53,2.16,-0.127,TP5%/SL3%,pct,0.05,0.03,Full,"[0.50, 0.55)"
355606,27.46,48.56,23.98,40.29,-0.245,-0.245,-2.111,0.055,-2.936,3.419,-98.2,434.36,2.98,2.58,2.21,-0.071,TP5%/SL3%,pct,0.05,0.03,Full,"[0.55, 0.60)"
203838,28.1,46.49,25.41,42.08,-0.123,-0.123,-1.457,0.177,-2.875,3.463,-98.98,169.41,3.01,2.59,2.18,-0.036,TP5%/SL3%,pct,0.05,0.03,Full,"[0.60, 0.65)"
66999,32.8,48.02,19.18,43.43,0.035,0.035,-1.607,0.335,-3.03,3.866,-53.12,880.09,2.64,2.31,1.93,0.01,TP5%/SL3%,pct,0.05,0.03,Full,"[0.65, 0.70)"
8054,44.82,45.26,9.92,48.73,0.641,0.641,-0.204,0.941,-3.024,4.885,-29.83,30.43,2.08,2.0,1.52,0.168,TP5%/SL3%,pct,0.05,0.03,Full,"[0.70, 0.75)"
796,46.23,34.17,19.6,50.5,1.122,1.122,1.327,1.422,-2.229,4.604,-22.12,17.07,2.94,2.92,1.8,0.309,TP5%/SL3%,pct,0.05,0.03,Full,"[0.75, 0.80)"
7708,19.8,63.38,16.83,26.53,-1.193,-1.193,-3.3,-0.893,-3.493,2.876,-25.36,22.97,2.53,2.17,1.98,-0.372,TP5%/SL3%,pct,0.05,0.03,OOS,"[0.30, 0.35)"
15462,20.86,58.82,20.32,29.85,-0.98,-0.98,-3.3,-0.68,-3.311,2.945,-23.45,25.56,2.76,2.35,2.13,-0.302,TP5%/SL3%,pct,0.05,0.03,OOS,"[0.35, 0.40)"
21296,21.74,56.17,22.09,31.57,-0.849,-0.849,-3.3,-0.549,-3.164,2.975,-25.73,25.26,2.89,2.44,2.24,-0.259,TP5%/SL3%,pct,0.05,0.03,OOS,"[0.40, 0.45)"
38176,22.4,54.02,23.58,33.49,-0.72,-0.72,-3.3,-0.42,-3.067,3.014,-22.0,29.96,2.98,2.53,2.28,-0.218,TP5%/SL3%,pct,0.05,0.03,OOS,"[0.45, 0.50)"
45619,22.69,51.55,25.76,35.61,-0.595,-0.595,-3.3,-0.295,-2.983,3.04,-24.38,25.98,3.09,2.6,2.35,-0.18,TP5%/SL3%,pct,0.05,0.03,OOS,"[0.50, 0.55)"
50132,22.74,48.49,28.77,37.54,-0.468,-0.468,-2.243,-0.168,-2.862,3.025,-64.03,26.58,3.19,2.68,2.36,-0.142,TP5%/SL3%,pct,0.05,0.03,OOS,"[0.55, 0.60)"
30057,22.63,46.9,30.47,38.56,-0.406,-0.406,-1.757,-0.106,-2.821,3.037,-24.28,28.64,3.24,2.69,2.37,-0.124,TP5%/SL3%,pct,0.05,0.03,OOS,"[0.60, 0.65)"
10938,26.81,49.68,23.51,38.9,-0.316,-0.316,-2.628,-0.016,-2.955,3.393,-23.79,41.17,2.88,2.42,2.12,-0.092,TP5%/SL3%,pct,0.05,0.03,OOS,"[0.65, 0.70)"
1209,32.59,48.06,19.35,37.88,-0.009,-0.009,-0.834,0.291,-2.87,3.876,-19.86,20.82,2.46,1.97,1.76,-0.002,TP5%/SL3%,pct,0.05,0.03,OOS,"[0.70, 0.75)"
67,11.94,20.9,67.16,14.93,-0.229,-0.229,-0.219,0.071,-1.106,1.831,-9.52,10.05,4.24,2.38,2.86,-0.1,TP5%/SL3%,pct,0.05,0.03,OOS,"[0.75, 0.80)"
48865,27.08,46.48,26.44,34.36,-1.483,-1.483,-3.294,-1.183,-4.549,3.515,-60.0,90.07,3.05,2.3,2.38,-0.349,TP5%/SL5%,pct,0.05,0.05,Full,"[0.30, 0.35)"
103067,28.33,42.38,29.29,37.02,-1.212,-1.212,-2.415,-0.912,-4.267,3.558,-80.0,45.0,3.22,2.43,2.53,-0.285,TP5%/SL5%,pct,0.05,0.05,Full,"[0.35, 0.40)"
141982,30.08,38.23,31.69,39.84,-0.913,-0.913,-1.711,-0.613,-4.023,3.668,-82.96,416.39,3.35,2.52,2.63,-0.215,TP5%/SL5%,pct,0.05,0.05,Full,"[0.40, 0.45)"
257220,30.9,35.09,34.01,42.31,-0.686,-0.686,-1.21,-0.386,-3.828,3.709,-79.7,408.06,3.45,2.59,2.71,-0.163,TP5%/SL5%,pct,0.05,0.05,Full,"[0.45, 0.50)"
322349,31.33,31.58,37.08,45.0,-0.446,-0.446,-0.712,-0.146,-3.618,3.73,-98.16,408.06,3.55,2.65,2.75,-0.108,TP5%/SL5%,pct,0.05,0.05,Full,"[0.50, 0.55)"
355606,32.05,28.49,39.46,47.71,-0.21,-0.21,-0.3,0.09,-3.424,3.775,-98.2,434.36,3.62,2.69,2.76,-0.051,TP5%/SL5%,pct,0.05,0.05,Full,"[0.55, 0.60)"
203838,32.9,26.86,40.25,49.89,-0.03,-0.03,-0.016,0.27,-3.321,3.82,-98.98,169.41,3.62,2.69,2.7,-0.007,TP5%/SL5%,pct,0.05,0.05,Full,"[0.60, 0.65)"
66999,39.64,29.61,30.75,53.01,0.205,0.205,0.566,0.505,-3.469,4.298,-98.13,880.09,3.21,2.43,2.39,0.048,TP5%/SL5%,pct,0.05,0.05,Full,"[0.65, 0.70)"
8054,55.23,30.2,14.58,60.6,0.974,0.974,4.7,1.274,-3.371,5.412,-29.83,94.02,2.48,2.12,1.92,0.217,TP5%/SL5%,pct,0.05,0.05,Full,"[0.70, 0.75)"
796,54.02,24.37,21.61,58.54,1.276,1.276,4.7,1.576,-2.455,4.997,-22.12,17.07,3.15,2.91,2.04,0.301,TP5%/SL5%,pct,0.05,0.05,Full,"[0.75, 0.80)"
7708,25.18,39.32,35.5,34.38,-1.303,-1.303,-2.265,-1.003,-4.152,3.309,-25.36,22.97,3.4,2.37,2.62,-0.32,TP5%/SL5%,pct,0.05,0.05,OOS,"[0.30, 0.35)"
15462,25.96,36.03,38.01,37.56,-1.065,-1.065,-1.742,-0.765,-3.919,3.358,-23.45,25.56,3.56,2.53,2.79,-0.263,TP5%/SL5%,pct,0.05,0.05,OOS,"[0.35, 0.40)"
21296,26.48,32.87,40.65,39.05,-0.886,-0.886,-1.45,-0.586,-3.75,3.369,-25.73,25.26,3.68,2.6,2.9,-0.22,TP5%/SL5%,pct,0.05,0.05,OOS,"[0.40, 0.45)"
38176,26.88,31.67,41.45,40.73,-0.755,-0.755,-1.161,-0.455,-3.63,3.39,-22.93,29.96,3.72,2.67,2.95,-0.188,TP5%/SL5%,pct,0.05,0.05,OOS,"[0.45, 0.50)"
45619,26.85,29.37,43.78,42.73,-0.598,-0.598,-0.867,-0.298,-3.498,3.39,-25.25,25.98,3.8,2.73,2.98,-0.151,TP5%/SL5%,pct,0.05,0.05,OOS,"[0.50, 0.55)"
50132,26.57,26.89,46.54,44.54,-0.432,-0.432,-0.547,-0.132,-3.326,3.36,-64.03,26.58,3.86,2.79,2.96,-0.111,TP5%/SL5%,pct,0.05,0.05,OOS,"[0.55, 0.60)"
30057,26.48,25.9,47.62,45.62,-0.354,-0.354,-0.381,-0.054,-3.267,3.358,-24.28,28.64,3.89,2.79,2.96,-0.092,TP5%/SL5%,pct,0.05,0.05,OOS,"[0.60, 0.65)"
10938,32.5,29.8,37.69,47.51,-0.215,-0.215,-0.238,0.085,-3.455,3.824,-31.76,41.17,3.54,2.56,2.75,-0.052,TP5%/SL5%,pct,0.05,0.05,OOS,"[0.65, 0.70)"
1209,41.19,32.51,26.3,47.89,0.156,0.156,-0.206,0.456,-3.329,4.35,-19.86,20.82,2.98,2.18,2.36,0.036,TP5%/SL5%,pct,0.05,0.05,OOS,"[0.70, 0.75)"
67,19.4,8.96,71.64,22.39,0.193,0.193,-0.217,0.493,-1.214,2.036,-9.52,10.05,4.34,2.77,2.5,0.069,TP5%/SL5%,pct,0.05,0.05,OOS,"[0.75, 0.80)"
48865,6.72,81.66,11.62,14.99,-1.042,-1.042,-2.3,-0.742,-3.547,2.993,-60.0,90.07,2.02,2.52,1.55,-0.322,TP10%/SL2%,pct,0.1,0.02,Full,"[0.30, 0.35)"
103067,6.91,78.29,14.79,17.53,-0.882,-0.882,-2.3,-0.582,-3.278,3.071,-80.0,45.0,2.22,2.73,1.64,-0.265,TP10%/SL2%,pct,0.1,0.02,Full,"[0.35, 0.40)"
141982,7.57,75.14,17.29,20.17,-0.688,-0.688,-2.3,-0.388,-3.075,3.219,-82.96,416.39,2.37,2.85,1.72,-0.198,TP10%/SL2%,pct,0.1,0.02,Full,"[0.40, 0.45)"
257220,7.77,71.95,20.27,22.99,-0.514,-0.514,-2.3,-0.214,-2.922,3.296,-43.51,433.9,2.53,2.96,1.78,-0.144,TP10%/SL2%,pct,0.1,0.02,Full,"[0.45, 0.50)"
322349,7.92,68.78,23.3,25.84,-0.35,-0.35,-2.3,-0.05,-2.789,3.362,-98.16,408.06,2.67,3.04,1.84,-0.097,TP10%/SL2%,pct,0.1,0.02,Full,"[0.50, 0.55)"
355606,8.08,65.3,26.62,28.79,-0.172,-0.172,-2.3,0.128,-2.677,3.459,-98.2,434.36,2.82,3.09,1.89,-0.047,TP10%/SL2%,pct,0.1,0.02,Full,"[0.55, 0.60)"
203838,8.34,63.11,28.56,30.7,-0.042,-0.042,-2.3,0.258,-2.642,3.539,-98.98,169.41,2.88,3.1,1.89,-0.011,TP10%/SL2%,pct,0.1,0.02,Full,"[0.60, 0.65)"
66999,11.21,64.22,24.57,30.65,0.177,0.177,-2.3,0.477,-2.877,4.1,-62.9,995.48,2.68,2.97,1.74,0.043,TP10%/SL2%,pct,0.1,0.02,Full,"[0.65, 0.70)"
8054,22.19,60.27,17.54,34.37,1.201,1.201,-2.3,1.501,-3.012,5.504,-27.13,30.43,2.41,2.81,1.51,0.24,TP10%/SL2%,pct,0.1,0.02,Full,"[0.70, 0.75)"
796,31.03,40.08,28.89,44.22,2.784,2.784,-0.213,3.084,-2.273,5.832,-19.6,24.38,3.28,3.52,1.85,0.521,TP10%/SL2%,pct,0.1,0.02,Full,"[0.75, 0.80)"
7708,5.76,79.16,15.08,16.01,-1.046,-1.046,-2.3,-0.746,-3.192,2.765,-25.36,24.64,2.23,2.65,1.67,-0.338,TP10%/SL2%,pct,0.1,0.02,OOS,"[0.30, 0.35)"
15462,5.68,75.38,18.94,18.85,-0.896,-0.896,-2.3,-0.596,-2.972,2.839,-23.45,29.43,2.44,2.74,1.77,-0.284,TP10%/SL2%,pct,0.1,0.02,OOS,"[0.35, 0.40)"
21296,5.86,73.57,20.58,20.51,-0.789,-0.789,-2.3,-0.489,-2.826,2.883,-25.73,28.09,2.58,2.91,1.87,-0.244,TP10%/SL2%,pct,0.1,0.02,OOS,"[0.40, 0.45)"
38176,5.9,70.93,23.18,22.6,-0.67,-0.67,-2.3,-0.37,-2.745,2.932,-22.0,29.96,2.69,3.04,1.91,-0.204,TP10%/SL2%,pct,0.1,0.02,OOS,"[0.45, 0.50)"
45619,5.71,68.84,25.45,24.63,-0.573,-0.573,-2.3,-0.273,-2.662,2.957,-49.33,29.21,2.8,3.14,1.97,-0.174,TP10%/SL2%,pct,0.1,0.02,OOS,"[0.50, 0.55)"
50132,5.47,65.82,28.71,26.71,-0.461,-0.461,-2.3,-0.161,-2.568,2.97,-63.93,29.36,2.93,3.21,2.01,-0.139,TP10%/SL2%,pct,0.1,0.02,OOS,"[0.55, 0.60)"
30057,5.38,64.29,30.33,27.87,-0.403,-0.403,-2.3,-0.103,-2.551,2.985,-24.28,28.64,2.99,3.16,2.02,-0.122,TP10%/SL2%,pct,0.1,0.02,OOS,"[0.60, 0.65)"
10938,7.47,66.93,25.6,26.62,-0.305,-0.305,-2.3,-0.005,-2.753,3.41,-62.9,41.17,2.76,3.03,1.87,-0.085,TP10%/SL2%,pct,0.1,0.02,OOS,"[0.65, 0.70)"
1209,10.92,64.27,24.81,23.57,-0.063,-0.063,-2.3,0.237,-2.796,3.982,-19.86,29.58,2.61,2.61,1.69,-0.016,TP10%/SL2%,pct,0.1,0.02,OOS,"[0.70, 0.75)"
67,4.48,26.87,68.66,8.96,-0.195,-0.195,-0.22,0.105,-1.157,1.975,-9.52,13.18,4.3,3.67,2.61,-0.079,TP10%/SL2%,pct,0.1,0.02,OOS,"[0.75, 0.80)"
48865,8.68,71.1,20.22,20.62,-1.308,-1.308,-3.3,-1.008,-3.991,3.41,-60.0,90.07,2.58,2.65,1.89,-0.332,TP10%/SL3%,pct,0.1,0.03,Full,"[0.30, 0.35)"
103067,8.9,66.41,24.68,23.82,-1.061,-1.061,-3.3,-0.761,-3.725,3.511,-80.0,45.0,2.82,2.84,2.0,-0.263,TP10%/SL3%,pct,0.1,0.03,Full,"[0.35, 0.40)"
141982,9.6,62.35,28.05,26.92,-0.795,-0.795,-3.3,-0.495,-3.522,3.682,-82.96,416.39,3.0,2.96,2.1,-0.191,TP10%/SL3%,pct,0.1,0.03,Full,"[0.40, 0.45)"
257220,9.73,58.61,31.67,30.05,-0.57,-0.57,-3.3,-0.27,-3.354,3.764,-43.51,433.9,3.15,3.05,2.17,-0.135,TP10%/SL3%,pct,0.1,0.03,Full,"[0.45, 0.50)"
322349,9.69,54.8,35.51,33.24,-0.358,-0.358,-3.3,-0.058,-3.2,3.825,-98.16,408.06,3.31,3.12,2.24,-0.085,TP10%/SL3%,pct,0.1,0.03,Full,"[0.50, 0.55)"
355606,9.79,51.02,39.19,36.38,-0.138,-0.138,-3.3,0.162,-3.058,3.907,-98.2,434.36,3.43,3.17,2.28,-0.032,TP10%/SL3%,pct,0.1,0.03,Full,"[0.55, 0.60)"
203838,10.07,48.84,41.09,38.43,0.029,0.029,-2.225,0.329,-2.997,3.979,-98.98,169.41,3.48,3.18,2.25,0.007,TP10%/SL3%,pct,0.1,0.03,Full,"[0.60, 0.65)"
66999,13.7,51.35,34.94,38.72,0.29,0.29,-3.3,0.59,-3.199,4.571,-62.9,995.48,3.21,3.03,2.04,0.062,TP10%/SL3%,pct,0.1,0.03,Full,"[0.65, 0.70)"
8054,27.14,49.62,23.24,42.91,1.523,1.523,-2.271,1.823,-3.242,6.075,-29.83,30.97,2.78,2.84,1.7,0.27,TP10%/SL3%,pct,0.1,0.03,Full,"[0.70, 0.75)"
796,32.41,36.81,30.78,46.61,2.652,2.652,-0.201,2.952,-2.367,6.04,-22.12,24.38,3.39,3.5,1.95,0.464,TP10%/SL3%,pct,0.1,0.03,Full,"[0.75, 0.80)"
7708,7.5,66.57,25.93,22.06,-1.255,-1.255,-3.3,-0.955,-3.639,3.183,-25.36,24.64,2.87,2.74,2.06,-0.332,TP10%/SL3%,pct,0.1,0.03,OOS,"[0.30, 0.35)"
15462,7.48,61.45,31.08,25.57,-1.003,-1.003,-3.3,-0.703,-3.435,3.283,-23.59,29.43,3.11,2.89,2.19,-0.261,TP10%/SL3%,pct,0.1,0.03,OOS,"[0.35, 0.40)"
21296,7.67,58.71,33.63,27.57,-0.854,-0.854,-3.3,-0.554,-3.278,3.324,-25.73,28.32,3.26,3.04,2.3,-0.219,TP10%/SL3%,pct,0.1,0.03,OOS,"[0.40, 0.45)"
38176,7.5,56.34,36.16,29.72,-0.714,-0.714,-3.3,-0.414,-3.176,3.373,-22.0,29.96,3.37,3.14,2.35,-0.182,TP10%/SL3%,pct,0.1,0.03,OOS,"[0.45, 0.50)"
45619,7.36,53.75,38.89,32.02,-0.574,-0.574,-3.3,-0.274,-3.089,3.407,-49.33,29.21,3.48,3.24,2.41,-0.146,TP10%/SL3%,pct,0.1,0.03,OOS,"[0.50, 0.55)"
50132,6.77,50.58,42.64,34.2,-0.453,-0.453,-3.3,-0.153,-2.96,3.379,-64.03,30.08,3.58,3.28,2.43,-0.117,TP10%/SL3%,pct,0.1,0.03,OOS,"[0.55, 0.60)"
30057,6.87,49.0,44.13,35.39,-0.364,-0.364,-2.404,-0.064,-2.922,3.394,-24.28,28.64,3.62,3.26,2.43,-0.093,TP10%/SL3%,pct,0.1,0.03,OOS,"[0.60, 0.65)"
10938,9.44,52.9,37.66,34.17,-0.271,-0.271,-3.3,0.029,-3.114,3.872,-62.9,41.17,3.36,3.15,2.23,-0.064,TP10%/SL3%,pct,0.1,0.03,OOS,"[0.65, 0.70)"
1209,13.98,53.43,32.59,30.93,0.018,0.018,-3.3,0.318,-3.157,4.417,-19.86,29.58,3.05,2.72,1.95,0.004,TP10%/SL3%,pct,0.1,0.03,OOS,"[0.70, 0.75)"
67,4.48,23.88,71.64,10.45,-0.404,-0.404,-0.22,-0.104,-1.245,2.016,-9.52,13.18,4.45,3.67,2.94,-0.15,TP10%/SL3%,pct,0.1,0.03,OOS,"[0.75, 0.80)"
48865,11.16,49.95,38.89,27.64,-1.608,-1.608,-5.067,-1.308,-4.79,3.956,-60.0,90.07,3.49,2.81,2.47,-0.323,TP10%/SL5%,pct,0.1,0.05,Full,"[0.30, 0.35)"
103067,11.32,45.21,43.46,30.94,-1.271,-1.271,-3.142,-0.971,-4.48,4.042,-80.0,45.0,3.69,2.97,2.61,-0.254,TP10%/SL5%,pct,0.1,0.05,Full,"[0.35, 0.40)"
141982,11.78,40.68,47.54,34.08,-0.923,-0.923,-2.328,-0.623,-4.222,4.195,-82.96,416.39,3.84,3.07,2.71,-0.183,TP10%/SL5%,pct,0.1,0.05,Full,"[0.40, 0.45)"
257220,11.72,37.17,51.12,37.14,-0.645,-0.645,-1.753,-0.345,-4.004,4.249,-79.7,433.9,3.96,3.15,2.77,-0.128,TP10%/SL5%,pct,0.1,0.05,Full,"[0.45, 0.50)"
322349,11.47,33.41,55.12,40.32,-0.367,-0.367,-1.208,-0.067,-3.778,4.28,-98.16,408.06,4.06,3.21,2.81,-0.074,TP10%/SL5%,pct,0.1,0.05,Full,"[0.50, 0.55)"
355606,11.45,30.14,58.41,43.43,-0.094,-0.094,-0.751,0.206,-3.573,4.337,-98.2,447.8,4.14,3.24,2.83,-0.019,TP10%/SL5%,pct,0.1,0.05,Full,"[0.55, 0.60)"
203838,11.83,28.52,59.66,45.87,0.136,0.136,-0.431,0.436,-3.47,4.414,-98.98,169.41,4.16,3.25,2.77,0.027,TP10%/SL5%,pct,0.1,0.05,Full,"[0.60, 0.65)"
66999,16.56,32.2,51.24,47.64,0.488,0.488,-0.299,0.788,-3.681,5.134,-98.13,995.48,3.88,3.12,2.5,0.09,TP10%/SL5%,pct,0.1,0.05,Full,"[0.65, 0.70)"
8054,33.41,33.8,32.79,54.22,2.045,2.045,1.266,2.345,-3.654,6.899,-29.83,94.02,3.34,2.94,2.11,0.319,TP10%/SL5%,pct,0.1,0.05,Full,"[0.70, 0.75)"
796,38.32,27.26,34.42,53.77,2.987,2.987,3.535,3.287,-2.676,6.682,-22.12,24.38,3.69,3.51,2.29,0.469,TP10%/SL5%,pct,0.1,0.05,Full,"[0.75, 0.80)"
7708,9.33,41.58,49.09,29.01,-1.403,-1.403,-2.737,-1.103,-4.332,3.685,-25.36,24.64,3.84,2.88,2.68,-0.299,TP10%/SL5%,pct,0.1,0.05,OOS,"[0.30, 0.35)"
15462,9.33,37.87,52.8,32.66,-1.1,-1.1,-2.134,-0.8,-4.07,3.772,-23.59,29.43,4.0,3.02,2.84,-0.234,TP10%/SL5%,pct,0.1,0.05,OOS,"[0.35, 0.40)"
21296,9.33,34.44,56.23,34.51,-0.899,-0.899,-1.815,-0.599,-3.889,3.778,-25.73,28.32,4.12,3.13,2.95,-0.192,TP10%/SL5%,pct,0.1,0.05,OOS,"[0.40, 0.45)"
38176,9.07,33.13,57.8,36.43,-0.754,-0.754,-1.53,-0.454,-3.762,3.807,-22.93,29.96,4.17,3.24,2.99,-0.162,TP10%/SL5%,pct,0.1,0.05,OOS,"[0.45, 0.50)"
45619,8.73,30.79,60.49,38.74,-0.578,-0.578,-1.229,-0.278,-3.626,3.815,-49.33,29.21,4.24,3.32,3.02,-0.125,TP10%/SL5%,pct,0.1,0.05,OOS,"[0.50, 0.55)"
50132,8.02,28.17,63.81,40.91,-0.411,-0.411,-0.872,-0.111,-3.444,3.763,-64.03,30.08,4.31,3.36,3.01,-0.091,TP10%/SL5%,pct,0.1,0.05,OOS,"[0.55, 0.60)"
30057,8.14,27.28,64.58,42.17,-0.309,-0.309,-0.713,-0.009,-3.389,3.768,-24.28,28.64,4.32,3.34,3.0,-0.069,TP10%/SL5%,pct,0.1,0.05,OOS,"[0.60, 0.65)"
10938,11.7,32.0,56.3,42.34,-0.146,-0.146,-0.821,0.154,-3.654,4.405,-63.44,41.17,4.11,3.26,2.84,-0.029,TP10%/SL5%,pct,0.1,0.05,OOS,"[0.65, 0.70)"
1209,17.7,36.56,45.74,40.86,0.241,0.241,-0.23,0.541,-3.673,5.074,-19.86,31.67,3.72,2.89,2.53,0.044,TP10%/SL5%,pct,0.1,0.05,OOS,"[0.70, 0.75)"
67,8.96,8.96,82.09,16.42,0.213,0.213,-0.218,0.513,-1.353,2.521,-9.52,18.39,4.66,3.67,2.5,0.061,TP10%/SL5%,pct,0.1,0.05,OOS,"[0.75, 0.80)"
48865,14.66,20.74,64.59,32.64,-1.862,-1.862,-2.352,-1.562,-5.758,4.381,-49.06,94.57,4.35,2.97,3.31,-0.294,TP2xATR/SL2xATR,atr,2.0,2.0,Full,"[0.30, 0.35)"
103067,15.22,18.47,66.3,35.55,-1.396,-1.396,-1.846,-1.096,-5.281,4.388,-79.48,47.06,4.4,3.09,3.35,-0.229,TP2xATR/SL2xATR,atr,2.0,2.0,Full,"[0.35, 0.40)"
141982,15.96,16.82,67.22,38.24,-0.985,-0.985,-1.381,-0.685,-4.882,4.469,-82.96,416.39,4.43,3.16,3.36,-0.166,TP2xATR/SL2xATR,atr,2.0,2.0,Full,"[0.40, 0.45)"
257220,16.71,16.03,67.26,40.98,-0.662,-0.662,-0.989,-0.362,-4.562,4.473,-82.59,433.9,4.43,3.21,3.34,-0.114,TP2xATR/SL2xATR,atr,2.0,2.0,Full,"[0.45, 0.50)"
322349,17.58,15.17,67.26,43.89,-0.356,-0.356,-0.608,-0.056,-4.249,4.444,-98.16,408.06,4.44,3.25,3.33,-0.064,TP2xATR/SL2xATR,atr,2.0,2.0,Full,"[0.50, 0.55)"
355606,18.94,15.07,65.99,46.72,-0.042,-0.042,-0.3,0.258,-3.943,4.452,-98.2,169.41,4.4,3.27,3.21,-0.008,TP2xATR/SL2xATR,atr,2.0,2.0,Full,"[0.55, 0.60)"
203838,20.05,15.1,64.85,49.12,0.232,0.232,-0.101,0.532,-3.804,4.54,-98.17,169.41,4.37,3.31,3.08,0.043,TP2xATR/SL2xATR,atr,2.0,2.0,Full,"[0.60, 0.65)"
66999,21.75,14.45,63.8,53.08,0.863,0.863,0.417,1.163,-4.14,5.601,-63.44,995.48,4.33,3.32,2.87,0.136,TP2xATR/SL2xATR,atr,2.0,2.0,Full,"[0.65, 0.70)"
8054,32.52,11.62,55.86,63.68,3.104,3.104,2.933,3.404,-4.23,8.103,-43.95,94.02,4.18,3.32,2.67,0.397,TP2xATR/SL2xATR,atr,2.0,2.0,Full,"[0.70, 0.75)"
796,57.66,21.73,20.6,59.3,3.111,3.111,4.62,3.411,-2.702,6.798,-22.12,29.33,3.53,3.45,2.36,0.444,TP2xATR/SL2xATR,atr,2.0,2.0,Full,"[0.75, 0.80)"
7708,14.41,18.6,66.98,33.59,-1.311,-1.311,-1.834,-1.011,-4.841,3.971,-28.29,33.27,4.4,2.94,3.36,-0.24,TP2xATR/SL2xATR,atr,2.0,2.0,OOS,"[0.30, 0.35)"
15462,14.78,17.51,67.71,36.37,-1.028,-1.028,-1.46,-0.728,-4.496,3.96,-29.39,33.83,4.43,3.07,3.39,-0.193,TP2xATR/SL2xATR,atr,2.0,2.0,OOS,"[0.35, 0.40)"
21296,15.07,16.79,68.13,37.61,-0.846,-0.846,-1.27,-0.546,-4.239,3.918,-31.49,36.16,4.46,3.17,3.41,-0.165,TP2xATR/SL2xATR,atr,2.0,2.0,OOS,"[0.40, 0.45)"
38176,15.89,16.46,67.64,39.87,-0.663,-0.663,-1.011,-0.363,-4.089,3.92,-29.39,34.54,4.45,3.2,3.41,-0.131,TP2xATR/SL2xATR,atr,2.0,2.0,OOS,"[0.45, 0.50)"
45619,16.36,16.18,67.45,41.84,-0.507,-0.507,-0.776,-0.207,-3.903,3.879,-29.8,37.9,4.46,3.28,3.4,-0.103,TP2xATR/SL2xATR,atr,2.0,2.0,OOS,"[0.50, 0.55)"
50132,17.08,16.14,66.78,43.84,-0.319,-0.319,-0.47,-0.019,-3.672,3.809,-64.03,34.26,4.44,3.31,3.33,-0.067,TP2xATR/SL2xATR,atr,2.0,2.0,OOS,"[0.55, 0.60)"
30057,17.39,16.37,66.23,44.77,-0.249,-0.249,-0.316,0.051,-3.598,3.787,-33.23,35.0,4.43,3.36,3.26,-0.053,TP2xATR/SL2xATR,atr,2.0,2.0,OOS,"[0.60, 0.65)"
10938,19.49,14.71,65.8,46.57,0.064,0.064,-0.277,0.364,-4.002,4.633,-63.44,41.17,4.4,3.31,3.18,0.012,TP2xATR/SL2xATR,atr,2.0,2.0,OOS,"[0.65, 0.70)"
1209,24.07,9.59,66.34,47.56,0.732,0.732,-0.208,1.032,-4.272,5.738,-29.86,33.73,4.45,3.42,3.23,0.112,TP2xATR/SL2xATR,atr,2.0,2.0,OOS,"[0.70, 0.75)"
67,49.25,17.91,32.84,17.91,0.16,0.16,-0.224,0.46,-1.415,2.416,-9.52,18.39,4.01,3.88,2.58,0.045,TP2xATR/SL2xATR,atr,2.0,2.0,OOS,"[0.75, 0.80)"
48865,14.99,6.38,78.62,33.4,-1.837,-1.837,-2.161,-1.537,-6.002,4.439,-59.53,94.57,4.61,2.99,3.63,-0.278,TP2xATR/SL3xATR,atr,2.0,3.0,Full,"[0.30, 0.35)"
103067,15.47,5.74,78.79,36.19,-1.369,-1.369,-1.691,-1.069,-5.479,4.431,-83.95,71.13,4.62,3.1,3.51,-0.217,TP2xATR/SL3xATR,atr,2.0,3.0,Full,"[0.35, 0.40)"
141982,16.17,5.44,78.4,38.83,-0.947,-0.947,-1.267,-0.647,-5.044,4.504,-82.96,416.39,4.62,3.17,3.37,-0.155,TP2xATR/SL3xATR,atr,2.0,3.0,Full,"[0.40, 0.45)"
257220,16.91,5.21,77.88,41.6,-0.613,-0.613,-0.89,-0.313,-4.709,4.508,-82.59,433.9,4.61,3.22,3.32,-0.104,TP2xATR/SL3xATR,atr,2.0,3.0,Full,"[0.45, 0.50)"
322349,17.76,4.99,77.25,44.51,-0.301,-0.301,-0.52,-0.001,-4.382,4.475,-98.16,408.06,4.61,3.26,3.32,-0.053,TP2xATR/SL3xATR,atr,2.0,3.0,Full,"[0.50, 0.55)"
355606,19.13,5.37,75.5,47.37,0.027,0.027,-0.299,0.327,-4.064,4.482,-98.2,169.41,4.57,3.28,3.06,0.005,TP2xATR/SL3xATR,atr,2.0,3.0,Full,"[0.55, 0.60)"
203838,20.24,5.86,73.91,49.8,0.306,0.306,-0.023,0.606,-3.92,4.572,-98.17,169.41,4.53,3.31,2.82,0.056,TP2xATR/SL3xATR,atr,2.0,3.0,Full,"[0.60, 0.65)"
66999,22.01,6.16,71.83,53.92,0.993,0.993,0.512,1.293,-4.254,5.645,-63.44,995.48,4.48,3.32,2.51,0.156,TP2xATR/SL3xATR,atr,2.0,3.0,Full,"[0.65, 0.70)"
8054,33.35,5.34,61.31,64.91,3.294,3.294,3.171,3.594,-4.367,8.21,-43.95,94.02,4.32,3.33,2.63,0.423,TP2xATR/SL3xATR,atr,2.0,3.0,Full,"[0.70, 0.75)"
796,60.68,13.19,26.13,62.94,3.267,3.267,5.245,3.567,-3.04,7.094,-22.12,29.33,3.8,3.45,3.05,0.448,TP2xATR/SL3xATR,atr,2.0,3.0,Full,"[0.75, 0.80)"
7708,14.61,5.05,80.35,34.12,-1.289,-1.289,-1.736,-0.989,-5.005,4.011,-28.29,33.27,4.63,2.96,3.56,-0.228,TP2xATR/SL3xATR,atr,2.0,3.0,OOS,"[0.30, 0.35)"
15462,14.99,4.84,80.16,36.95,-0.999,-0.999,-1.351,-0.699,-4.646,3.993,-35.25,33.83,4.64,3.07,3.49,-0.182,TP2xATR/SL3xATR,atr,2.0,3.0,OOS,"[0.35, 0.40)"
21296,15.24,4.87,79.89,38.09,-0.812,-0.812,-1.172,-0.512,-4.363,3.941,-33.87,36.16,4.64,3.18,3.41,-0.155,TP2xATR/SL3xATR,atr,2.0,3.0,OOS,"[0.40, 0.45)"
38176,16.07,4.86,79.07,40.4,-0.618,-0.618,-0.93,-0.318,-4.209,3.948,-65.31,34.54,4.64,3.21,3.47,-0.119,TP2xATR/SL3xATR,atr,2.0,3.0,OOS,"[0.45, 0.50)"
45619,16.59,4.62,78.79,42.52,-0.449,-0.449,-0.683,-0.149,-4.015,3.909,-29.8,37.9,4.64,3.29,3.42,-0.089,TP2xATR/SL3xATR,atr,2.0,3.0,OOS,"[0.50, 0.55)"
50132,17.28,5.13,77.58,44.48,-0.266,-0.266,-0.396,0.034,-3.778,3.835,-64.03,34.26,4.62,3.32,3.21,-0.055,TP2xATR/SL3xATR,atr,2.0,3.0,OOS,"[0.55, 0.60)"
30057,17.59,5.62,76.79,45.43,-0.185,-0.185,-0.3,0.115,-3.703,3.817,-37.43,35.0,4.6,3.37,3.08,-0.039,TP2xATR/SL3xATR,atr,2.0,3.0,OOS,"[0.60, 0.65)"
10938,19.7,5.26,75.04,47.25,0.159,0.159,-0.232,0.459,-4.104,4.673,-63.44,41.17,4.56,3.31,2.89,0.029,TP2xATR/SL3xATR,atr,2.0,3.0,OOS,"[0.65, 0.70)"
1209,24.23,3.56,72.21,47.89,0.781,0.781,-0.202,1.081,-4.363,5.754,-29.86,33.73,4.54,3.42,2.91,0.119,TP2xATR/SL3xATR,atr,2.0,3.0,OOS,"[0.70, 0.75)"
67,50.75,13.43,35.82,19.4,0.12,0.12,-0.224,0.42,-1.608,2.492,-13.6,18.39,4.1,3.82,2.78,0.03,TP2xATR/SL3xATR,atr,2.0,3.0,OOS,"[0.75, 0.80)"
48865,15.13,0.74,84.13,33.66,-1.765,-1.765,-2.109,-1.465,-6.074,4.455,-59.53,94.57,4.69,3.0,3.35,-0.265,TP2xATR/SL5xATR,atr,2.0,5.0,Full,"[0.30, 0.35)"
103067,15.58,0.93,83.49,36.41,-1.305,-1.305,-1.65,-1.005,-5.532,4.443,-83.95,71.13,4.68,3.11,2.75,-0.206,TP2xATR/SL5xATR,atr,2.0,5.0,Full,"[0.35, 0.40)"
141982,16.25,1.13,82.61,39.02,-0.878,-0.878,-1.234,-0.578,-5.088,4.513,-82.96,416.39,4.67,3.18,2.25,-0.145,TP2xATR/SL5xATR,atr,2.0,5.0,Full,"[0.40, 0.45)"
257220,16.98,1.26,81.76,41.74,-0.561,-0.561,-0.868,-0.261,-4.75,4.515,-82.59,433.9,4.66,3.22,2.09,-0.095,TP2xATR/SL5xATR,atr,2.0,5.0,Full,"[0.45, 0.50)"
322349,17.82,1.22,80.96,44.64,-0.253,-0.253,-0.501,0.047,-4.419,4.481,-98.16,408.06,4.65,3.26,2.11,-0.044,TP2xATR/SL5xATR,atr,2.0,5.0,Full,"[0.50, 0.55)"
355606,19.18,1.76,79.06,47.51,0.074,0.074,-0.274,0.374,-4.097,4.488,-98.2,169.41,4.61,3.28,1.74,0.014,TP2xATR/SL5xATR,atr,2.0,5.0,Full,"[0.55, 0.60)"
203838,20.29,2.39,77.32,49.95,0.354,0.354,-0.007,0.654,-3.954,4.577,-98.17,169.41,4.58,3.31,1.61,0.065,TP2xATR/SL5xATR,atr,2.0,5.0,Full,"[0.60, 0.65)"
66999,22.09,3.12,74.78,54.08,1.046,1.046,0.532,1.346,-4.286,5.653,-63.44,995.48,4.52,3.33,1.44,0.166,TP2xATR/SL5xATR,atr,2.0,5.0,Full,"[0.65, 0.70)"
8054,33.51,2.87,63.62,65.07,3.285,3.285,3.214,3.585,-4.451,8.229,-48.16,94.02,4.36,3.33,2.23,0.417,TP2xATR/SL5xATR,atr,2.0,5.0,Full,"[0.70, 0.75)"
796,61.56,6.03,32.41,63.94,3.197,3.197,5.259,3.497,-3.329,7.167,-22.12,29.33,3.95,3.45,3.44,0.415,TP2xATR/SL5xATR,atr,2.0,5.0,Full,"[0.75, 0.80)"
7708,14.79,0.74,84.47,34.37,-1.249,-1.249,-1.688,-0.949,-5.067,4.026,-42.01,33.27,4.69,2.97,3.14,-0.217,TP2xATR/SL5xATR,atr,2.0,5.0,OOS,"[0.30, 0.35)"
15462,15.1,0.92,83.98,37.15,-0.967,-0.967,-1.328,-0.667,-4.696,4.005,-43.12,33.83,4.69,3.08,2.47,-0.174,TP2xATR/SL5xATR,atr,2.0,5.0,OOS,"[0.35, 0.40)"
21296,15.36,1.0,83.64,38.26,-0.766,-0.766,-1.15,-0.466,-4.39,3.95,-40.71,36.16,4.69,3.18,2.0,-0.146,TP2xATR/SL5xATR,atr,2.0,5.0,OOS,"[0.40, 0.45)"
38176,16.15,0.95,82.9,40.51,-0.585,-0.585,-0.914,-0.285,-4.238,3.953,-66.13,34.54,4.68,3.21,2.04,-0.113,TP2xATR/SL5xATR,atr,2.0,5.0,OOS,"[0.45, 0.50)"
45619,16.64,0.98,82.38,42.61,-0.421,-0.421,-0.669,-0.121,-4.041,3.913,-39.45,37.9,4.69,3.3,2.08,-0.084,TP2xATR/SL5xATR,atr,2.0,5.0,OOS,"[0.50, 0.55)"
50132,17.36,1.42,81.23,44.6,-0.24,-0.24,-0.379,0.06,-3.801,3.839,-64.03,34.26,4.66,3.32,1.79,-0.05,TP2xATR/SL5xATR,atr,2.0,5.0,OOS,"[0.55, 0.60)"
30057,17.66,1.89,80.45,45.56,-0.164,-0.164,-0.3,0.136,-3.731,3.821,-49.34,35.0,4.65,3.37,1.75,-0.034,TP2xATR/SL5xATR,atr,2.0,5.0,OOS,"[0.60, 0.65)"
10938,19.84,2.03,78.13,47.43,0.196,0.196,-0.224,0.496,-4.128,4.681,-63.44,41.17,4.59,3.32,1.5,0.035,TP2xATR/SL5xATR,atr,2.0,5.0,OOS,"[0.65, 0.70)"
1209,24.48,1.82,73.7,47.97,0.78,0.78,-0.2,1.08,-4.388,5.754,-29.86,33.73,4.57,3.42,2.36,0.118,TP2xATR/SL5xATR,atr,2.0,5.0,OOS,"[0.70, 0.75)"
67,52.24,5.97,41.79,19.4,0.13,0.13,-0.223,0.43,-1.677,2.494,-16.62,18.39,4.3,3.86,3.25,0.032,TP2xATR/SL5xATR,atr,2.0,5.0,OOS,"[0.75, 0.80)"
48865,6.75,21.01,72.24,31.14,-1.923,-1.923,-2.456,-1.623,-5.811,4.612,-52.18,94.57,4.53,3.27,3.32,-0.289,TP3xATR/SL2xATR,atr,3.0,2.0,Full,"[0.30, 0.35)"
103067,6.76,18.67,74.57,34.29,-1.436,-1.436,-1.93,-1.136,-5.324,4.612,-79.48,80.0,4.58,3.37,3.36,-0.224,TP3xATR/SL2xATR,atr,3.0,2.0,Full,"[0.35, 0.40)"
141982,7.16,16.97,75.87,37.17,-0.978,-0.978,-1.457,-0.678,-4.916,4.703,-82.96,416.39,4.61,3.44,3.36,-0.156,TP3xATR/SL2xATR,atr,3.0,2.0,Full,"[0.40, 0.45)"
257220,7.18,16.18,76.64,40.0,-0.65,-0.65,-1.067,-0.35,-4.595,4.706,-82.59,433.9,4.62,3.48,3.35,-0.106,TP3xATR/SL2xATR,atr,3.0,2.0,Full,"[0.45, 0.50)"
322349,7.39,15.31,77.3,43.0,-0.328,-0.328,-0.689,-0.028,-4.279,4.681,-98.16,408.06,4.64,3.54,3.34,-0.055,TP3xATR/SL2xATR,atr,3.0,2.0,Full,"[0.50, 0.55)"
355606,7.99,15.22,76.8,45.84,0.009,0.009,-0.3,0.309,-3.972,4.697,-98.2,169.41,4.61,3.56,3.22,0.001,TP3xATR/SL2xATR,atr,3.0,2.0,Full,"[0.55, 0.60)"
203838,8.37,15.24,76.38,48.31,0.294,0.294,-0.185,0.594,-3.832,4.801,-98.17,187.8,4.59,3.62,3.09,0.051,TP3xATR/SL2xATR,atr,3.0,2.0,Full,"[0.60, 0.65)"
66999,8.85,14.58,76.58,52.36,0.968,0.968,0.304,1.268,-4.168,5.934,-72.69,995.48,4.57,3.65,2.88,0.142,TP3xATR/SL2xATR,atr,3.0,2.0,Full,"[0.65, 0.70)"
8054,15.53,11.98,72.49,62.89,3.425,3.425,2.621,3.725,-4.272,8.841,-43.95,142.45,4.54,3.8,2.73,0.395,TP3xATR/SL2xATR,atr,3.0,2.0,Full,"[0.70, 0.75)"
796,40.33,23.12,36.56,56.03,4.155,4.155,3.987,4.455,-2.877,8.12,-22.12,47.06,4.0,3.95,2.51,0.491,TP3xATR/SL2xATR,atr,3.0,2.0,Full,"[0.75, 0.80)"
7708,6.03,18.82,75.14,31.97,-1.41,-1.41,-1.958,-1.11,-4.891,4.142,-28.29,40.78,4.59,3.27,3.37,-0.247,TP3xATR/SL2xATR,atr,3.0,2.0,OOS,"[0.30, 0.35)"
15462,6.12,17.74,76.14,34.99,-1.109,-1.109,-1.545,-0.809,-4.538,4.128,-29.39,40.57,4.61,3.3,3.4,-0.2,TP3xATR/SL2xATR,atr,3.0,2.0,OOS,"[0.35, 0.40)"
21296,6.27,16.94,76.79,36.54,-0.87,-0.87,-1.338,-0.57,-4.27,4.08,-31.49,38.86,4.63,3.39,3.41,-0.162,TP3xATR/SL2xATR,atr,3.0,2.0,OOS,"[0.40, 0.45)"
38176,6.53,16.58,76.89,38.79,-0.67,-0.67,-1.083,-0.37,-4.12,4.097,-29.39,40.43,4.64,3.47,3.42,-0.125,TP3xATR/SL2xATR,atr,3.0,2.0,OOS,"[0.45, 0.50)"
45619,6.55,16.32,77.13,40.88,-0.491,-0.491,-0.845,-0.191,-3.929,4.049,-49.33,42.96,4.64,3.51,3.41,-0.094,TP3xATR/SL2xATR,atr,3.0,2.0,OOS,"[0.50, 0.55)"
50132,6.63,16.3,77.07,42.87,-0.309,-0.309,-0.544,-0.009,-3.696,3.969,-64.03,38.0,4.63,3.57,3.34,-0.062,TP3xATR/SL2xATR,atr,3.0,2.0,OOS,"[0.55, 0.60)"
30057,6.74,16.55,76.71,43.84,-0.232,-0.232,-0.404,0.068,-3.623,3.97,-33.23,42.06,4.62,3.65,3.27,-0.046,TP3xATR/SL2xATR,atr,3.0,2.0,OOS,"[0.60, 0.65)"
10938,8.01,14.81,77.18,45.79,0.139,0.139,-0.3,0.439,-4.032,4.877,-63.44,41.17,4.62,3.64,3.18,0.023,TP3xATR/SL2xATR,atr,3.0,2.0,OOS,"[0.65, 0.70)"
1209,9.93,10.01,80.07,46.98,0.79,0.79,-0.206,1.09,-4.337,6.137,-29.86,40.32,4.69,3.66,3.26,0.11,TP3xATR/SL2xATR,atr,3.0,2.0,OOS,"[0.70, 0.75)"
67,31.34,17.91,50.75,17.91,0.419,0.419,-0.217,0.719,-1.415,2.672,-9.52,21.18,4.24,3.95,2.58,0.093,TP3xATR/SL2xATR,atr,3.0,2.0,OOS,"[0.75, 0.80)"
48865,6.91,6.49,86.6,31.87,-1.899,-1.899,-2.256,-1.599,-6.058,4.673,-59.53,94.57,4.79,3.29,3.63,-0.274,TP3xATR/SL3xATR,atr,3.0,3.0,Full,"[0.30, 0.35)"
103067,6.86,5.8,87.34,34.91,-1.41,-1.41,-1.783,-1.11,-5.523,4.656,-83.95,80.0,4.8,3.38,3.52,-0.213,TP3xATR/SL3xATR,atr,3.0,3.0,Full,"[0.35, 0.40)"
141982,7.24,5.49,87.27,37.74,-0.942,-0.942,-1.347,-0.642,-5.079,4.74,-82.96,416.39,4.8,3.45,3.38,-0.146,TP3xATR/SL3xATR,atr,3.0,3.0,Full,"[0.40, 0.45)"
257220,7.28,5.26,87.46,40.6,-0.602,-0.602,-0.971,-0.302,-4.743,4.743,-82.59,433.9,4.8,3.49,3.33,-0.096,TP3xATR/SL3xATR,atr,3.0,3.0,Full,"[0.45, 0.50)"
322349,7.46,5.04,87.5,43.6,-0.273,-0.273,-0.602,0.027,-4.413,4.713,-98.16,408.06,4.81,3.54,3.33,-0.045,TP3xATR/SL3xATR,atr,3.0,3.0,Full,"[0.50, 0.55)"
355606,8.07,5.43,86.5,46.49,0.076,0.076,-0.3,0.376,-4.094,4.729,-98.2,169.41,4.78,3.57,3.07,0.013,TP3xATR/SL3xATR,atr,3.0,3.0,Full,"[0.55, 0.60)"
203838,8.45,5.91,85.64,48.99,0.37,0.37,-0.11,0.67,-3.949,4.834,-98.17,187.8,4.76,3.62,2.83,0.063,TP3xATR/SL3xATR,atr,3.0,3.0,Full,"[0.60, 0.65)"
66999,8.95,6.22,84.84,53.18,1.098,1.098,0.398,1.398,-4.282,5.981,-72.69,995.48,4.73,3.65,2.53,0.161,TP3xATR/SL3xATR,atr,3.0,3.0,Full,"[0.65, 0.70)"
8054,16.08,5.43,78.5,64.07,3.626,3.626,2.837,3.926,-4.409,8.968,-43.95,142.45,4.68,3.8,2.65,0.419,TP3xATR/SL3xATR,atr,3.0,3.0,Full,"[0.70, 0.75)"
796,42.59,13.44,43.97,59.55,4.362,4.362,5.521,4.662,-3.217,8.484,-22.12,47.06,4.29,3.94,3.07,0.499,TP3xATR/SL3xATR,atr,3.0,3.0,Full,"[0.75, 0.80)"
7708,6.19,5.16,88.65,32.54,-1.38,-1.38,-1.822,-1.08,-5.058,4.185,-28.29,40.78,4.82,3.29,3.57,-0.233,TP3xATR/SL3xATR,atr,3.0,3.0,OOS,"[0.30, 0.35)"
15462,6.22,4.96,88.82,35.53,-1.085,-1.085,-1.435,-0.785,-4.691,4.163,-35.25,40.57,4.82,3.32,3.5,-0.19,TP3xATR/SL3xATR,atr,3.0,3.0,OOS,"[0.35, 0.40)"
21296,6.33,4.94,88.73,37.01,-0.839,-0.839,-1.242,-0.539,-4.393,4.104,-33.87,38.86,4.82,3.39,3.41,-0.152,TP3xATR/SL3xATR,atr,3.0,3.0,OOS,"[0.40, 0.45)"
38176,6.6,4.91,88.5,39.3,-0.628,-0.628,-1.0,-0.328,-4.24,4.126,-65.31,40.43,4.82,3.47,3.47,-0.115,TP3xATR/SL3xATR,atr,3.0,3.0,OOS,"[0.45, 0.50)"
45619,6.63,4.7,88.66,41.52,-0.436,-0.436,-0.753,-0.136,-4.043,4.08,-49.33,42.96,4.83,3.52,3.43,-0.082,TP3xATR/SL3xATR,atr,3.0,3.0,OOS,"[0.50, 0.55)"
50132,6.71,5.2,88.1,43.48,-0.258,-0.258,-0.471,0.042,-3.802,3.997,-64.03,38.0,4.81,3.58,3.22,-0.051,TP3xATR/SL3xATR,atr,3.0,3.0,OOS,"[0.55, 0.60)"
30057,6.82,5.68,87.5,44.5,-0.167,-0.167,-0.319,0.133,-3.728,4.001,-37.43,42.06,4.8,3.66,3.09,-0.033,TP3xATR/SL3xATR,atr,3.0,3.0,OOS,"[0.60, 0.65)"
10938,8.1,5.32,86.58,46.45,0.234,0.234,-0.276,0.534,-4.134,4.92,-63.44,41.17,4.78,3.64,2.91,0.039,TP3xATR/SL3xATR,atr,3.0,3.0,OOS,"[0.65, 0.70)"
1209,10.01,3.72,86.27,47.39,0.836,0.836,-0.204,1.136,-4.428,6.152,-29.86,40.32,4.79,3.65,2.93,0.116,TP3xATR/SL3xATR,atr,3.0,3.0,OOS,"[0.70, 0.75)"
67,32.84,13.43,53.73,19.4,0.422,0.422,-0.217,0.722,-1.608,2.824,-13.6,21.18,4.34,3.91,2.78,0.086,TP3xATR/SL3xATR,atr,3.0,3.0,OOS,"[0.75, 0.80)"
48865,6.98,0.77,92.25,32.12,-1.828,-1.828,-2.201,-1.528,-6.131,4.691,-59.53,94.57,4.87,3.3,3.4,-0.263,TP3xATR/SL5xATR,atr,3.0,5.0,Full,"[0.30, 0.35)"
103067,6.91,0.95,92.14,35.1,-1.347,-1.347,-1.745,-1.047,-5.578,4.67,-83.95,80.0,4.87,3.39,2.77,-0.203,TP3xATR/SL5xATR,atr,3.0,5.0,Full,"[0.35, 0.40)"
141982,7.29,1.14,91.57,37.93,-0.873,-0.873,-1.314,-0.573,-5.123,4.75,-82.96,416.39,4.86,3.45,2.27,-0.136,TP3xATR/SL5xATR,atr,3.0,5.0,Full,"[0.40, 0.45)"
257220,7.32,1.27,91.42,40.75,-0.549,-0.549,-0.95,-0.249,-4.784,4.75,-82.59,433.9,4.85,3.49,2.11,-0.088,TP3xATR/SL5xATR,atr,3.0,5.0,Full,"[0.45, 0.50)"
322349,7.49,1.23,91.27,43.73,-0.223,-0.223,-0.583,0.077,-4.45,4.72,-98.16,408.06,4.86,3.55,2.12,-0.037,TP3xATR/SL5xATR,atr,3.0,5.0,Full,"[0.50, 0.55)"
355606,8.1,1.77,90.14,46.62,0.125,0.125,-0.3,0.425,-4.127,4.735,-98.2,169.41,4.83,3.57,1.75,0.021,TP3xATR/SL5xATR,atr,3.0,5.0,Full,"[0.55, 0.60)"
203838,8.48,2.41,89.11,49.14,0.418,0.418,-0.093,0.718,-3.983,4.84,-98.17,187.8,4.8,3.62,1.63,0.071,TP3xATR/SL5xATR,atr,3.0,5.0,Full,"[0.60, 0.65)"
66999,9.0,3.14,87.86,53.34,1.152,1.152,0.417,1.452,-4.315,5.99,-72.69,995.48,4.77,3.66,1.46,0.17,TP3xATR/SL5xATR,atr,3.0,5.0,Full,"[0.65, 0.70)"
8054,16.19,2.91,80.9,64.23,3.621,3.621,2.856,3.921,-4.496,8.986,-48.16,142.45,4.73,3.8,2.26,0.414,TP3xATR/SL5xATR,atr,3.0,5.0,Full,"[0.70, 0.75)"
796,43.22,6.16,50.63,60.55,4.318,4.318,5.736,4.618,-3.506,8.557,-22.12,47.06,4.44,3.92,3.43,0.475,TP3xATR/SL5xATR,atr,3.0,5.0,Full,"[0.75, 0.80)"
7708,6.29,0.79,92.92,32.75,-1.348,-1.348,-1.792,-1.048,-5.127,4.202,-42.01,40.78,4.88,3.31,3.26,-0.224,TP3xATR/SL5xATR,atr,3.0,5.0,OOS,"[0.30, 0.35)"
15462,6.29,0.96,92.74,35.7,-1.057,-1.057,-1.416,-0.757,-4.744,4.176,-43.12,40.57,4.87,3.33,2.56,-0.183,TP3xATR/SL5xATR,atr,3.0,5.0,OOS,"[0.35, 0.40)"
21296,6.43,1.0,92.57,37.17,-0.787,-0.787,-1.213,-0.487,-4.422,4.113,-40.71,38.86,4.87,3.4,2.0,-0.143,TP3xATR/SL5xATR,atr,3.0,5.0,OOS,"[0.40, 0.45)"
38176,6.66,0.96,92.39,39.43,-0.592,-0.592,-0.983,-0.292,-4.269,4.132,-66.13,40.43,4.87,3.48,2.05,-0.108,TP3xATR/SL5xATR,atr,3.0,5.0,OOS,"[0.45, 0.50)"
45619,6.67,0.99,92.34,41.62,-0.407,-0.407,-0.74,-0.107,-4.069,4.084,-49.33,42.96,4.87,3.53,2.1,-0.076,TP3xATR/SL5xATR,atr,3.0,5.0,OOS,"[0.50, 0.55)"
50132,6.74,1.42,91.84,43.59,-0.232,-0.232,-0.459,0.068,-3.826,4.0,-64.03,38.0,4.86,3.58,1.81,-0.046,TP3xATR/SL5xATR,atr,3.0,5.0,OOS,"[0.55, 0.60)"
30057,6.87,1.92,91.21,44.63,-0.146,-0.146,-0.301,0.154,-3.756,4.005,-49.34,42.06,4.85,3.66,1.77,-0.029,TP3xATR/SL5xATR,atr,3.0,5.0,OOS,"[0.60, 0.65)"
10938,8.21,2.04,89.75,46.64,0.273,0.273,-0.261,0.573,-4.157,4.929,-63.44,41.17,4.82,3.65,1.51,0.046,TP3xATR/SL5xATR,atr,3.0,5.0,OOS,"[0.65, 0.70)"
1209,10.09,1.9,88.01,47.48,0.829,0.829,-0.204,1.129,-4.47,6.153,-31.22,40.32,4.82,3.65,2.48,0.114,TP3xATR/SL5xATR,atr,3.0,5.0,OOS,"[0.70, 0.75)"
67,32.84,5.97,61.19,19.4,0.43,0.43,-0.217,0.73,-1.677,2.826,-16.62,21.18,4.54,3.91,3.25,0.087,TP3xATR/SL5xATR,atr,3.0,5.0,OOS,"[0.75, 0.80)"
48865,1.67,21.08,77.25,30.69,-1.974,-1.974,-2.481,-1.674,-5.826,4.765,-52.18,94.57,4.62,3.51,3.33,-0.288,TP5xATR/SL2xATR,atr,5.0,2.0,Full,"[0.30, 0.35)"
103067,1.67,18.73,79.6,33.93,-1.463,-1.463,-1.955,-1.163,-5.336,4.761,-79.48,245.78,4.67,3.66,3.36,-0.222,TP5xATR/SL2xATR,atr,5.0,2.0,Full,"[0.35, 0.40)"
141982,1.72,17.03,81.25,36.86,-0.996,-0.996,-1.477,-0.696,-4.928,4.847,-82.96,416.39,4.7,3.73,3.37,-0.153,TP5xATR/SL2xATR,atr,5.0,2.0,Full,"[0.40, 0.45)"
257220,1.66,16.22,82.11,39.76,-0.647,-0.647,-1.084,-0.347,-4.603,4.848,-82.59,433.9,4.71,3.71,3.35,-0.101,TP5xATR/SL2xATR,atr,5.0,2.0,Full,"[0.45, 0.50)"
322349,1.6,15.36,83.04,42.78,-0.32,-0.32,-0.707,-0.02,-4.286,4.814,-98.16,408.06,4.73,3.8,3.34,-0.052,TP5xATR/SL2xATR,atr,5.0,2.0,Full,"[0.50, 0.55)"
355606,1.7,15.26,83.04,45.66,0.025,0.025,-0.3,0.325,-3.979,4.834,-98.2,169.41,4.71,3.82,3.23,0.004,TP5xATR/SL2xATR,atr,5.0,2.0,Full,"[0.55, 0.60)"
203838,1.77,15.29,82.93,48.12,0.326,0.326,-0.202,0.626,-3.839,4.941,-98.17,187.8,4.69,3.86,3.1,0.053,TP5xATR/SL2xATR,atr,5.0,2.0,Full,"[0.60, 0.65)"
66999,1.88,14.62,83.5,52.2,1.022,1.022,0.28,1.322,-4.175,6.106,-72.69,995.48,4.67,3.9,2.89,0.144,TP5xATR/SL2xATR,atr,5.0,2.0,Full,"[0.65, 0.70)"
8054,4.64,12.09,83.26,62.63,3.728,3.728,2.507,4.028,-4.282,9.299,-43.95,142.45,4.7,4.31,2.75,0.393,TP5xATR/SL2xATR,atr,5.0,2.0,Full,"[0.70, 0.75)"
796,18.84,23.62,57.54,54.9,5.465,5.465,3.472,5.765,-2.932,9.478,-22.12,54.81,4.34,4.58,2.56,0.539,TP5xATR/SL2xATR,atr,5.0,2.0,Full,"[0.75, 0.80)"
7708,1.23,18.86,79.9,31.62,-1.478,-1.478,-1.975,-1.178,-4.899,4.232,-28.29,51.27,4.67,3.55,3.37,-0.255,TP5xATR/SL2xATR,atr,5.0,2.0,OOS,"[0.30, 0.35)"
15462,1.38,17.83,80.79,34.58,-1.161,-1.161,-1.576,-0.861,-4.554,4.226,-29.39,48.59,4.69,3.57,3.4,-0.204,TP5xATR/SL2xATR,atr,5.0,2.0,OOS,"[0.35, 0.40)"
21296,1.38,17.06,81.56,36.19,-0.913,-0.913,-1.367,-0.613,-4.287,4.183,-31.49,56.47,4.71,3.65,3.42,-0.165,TP5xATR/SL2xATR,atr,5.0,2.0,OOS,"[0.40, 0.45)"
38176,1.38,16.64,81.98,38.48,-0.694,-0.694,-1.102,-0.394,-4.13,4.203,-29.39,51.61,4.72,3.63,3.42,-0.125,TP5xATR/SL2xATR,atr,5.0,2.0,OOS,"[0.45, 0.50)"
45619,1.28,16.39,82.33,40.61,-0.517,-0.517,-0.865,-0.217,-3.939,4.138,-49.33,57.23,4.72,3.68,3.41,-0.096,TP5xATR/SL2xATR,atr,5.0,2.0,OOS,"[0.50, 0.55)"
50132,1.31,16.35,82.33,42.69,-0.312,-0.312,-0.557,-0.012,-3.704,4.06,-64.03,47.87,4.71,3.78,3.34,-0.06,TP5xATR/SL2xATR,atr,5.0,2.0,OOS,"[0.55, 0.60)"
30057,1.35,16.61,82.04,43.62,-0.224,-0.224,-0.424,0.076,-3.63,4.047,-33.23,48.43,4.7,3.83,3.27,-0.043,TP5xATR/SL2xATR,atr,5.0,2.0,OOS,"[0.60, 0.65)"
10938,1.8,14.84,83.36,45.66,0.19,0.19,-0.3,0.49,-4.038,5.012,-63.44,65.6,4.71,3.8,3.19,0.03,TP5xATR/SL2xATR,atr,5.0,2.0,OOS,"[0.65, 0.70)"
1209,2.81,10.09,87.1,46.57,0.927,0.927,-0.208,1.227,-4.343,6.349,-29.86,47.41,4.79,3.68,3.28,0.119,TP5xATR/SL2xATR,atr,5.0,2.0,OOS,"[0.70, 0.75)"
67,16.42,17.91,65.67,22.39,0.372,0.372,-0.215,0.672,-1.415,2.833,-9.52,21.18,4.33,3.55,2.58,0.083,TP5xATR/SL2xATR,atr,5.0,2.0,OOS,"[0.75, 0.80)"
48865,1.71,6.5,91.79,31.4,-1.95,-1.95,-2.29,-1.65,-6.073,4.83,-59.53,94.57,4.89,3.53,3.64,-0.274,TP5xATR/SL3xATR,atr,5.0,3.0,Full,"[0.30, 0.35)"
103067,1.69,5.84,92.47,34.54,-1.44,-1.44,-1.806,-1.14,-5.535,4.806,-83.95,245.78,4.89,3.66,3.52,-0.211,TP5xATR/SL3xATR,atr,5.0,3.0,Full,"[0.35, 0.40)"
141982,1.74,5.53,92.73,37.42,-0.962,-0.962,-1.368,-0.662,-5.092,4.884,-82.96,416.39,4.89,3.74,3.39,-0.144,TP5xATR/SL3xATR,atr,5.0,3.0,Full,"[0.40, 0.45)"
257220,1.69,5.28,93.03,40.36,-0.6,-0.6,-0.99,-0.3,-4.751,4.885,-82.59,433.9,4.89,3.72,3.33,-0.092,TP5xATR/SL3xATR,atr,5.0,3.0,Full,"[0.45, 0.50)"
322349,1.63,5.06,93.31,43.39,-0.265,-0.265,-0.619,0.035,-4.421,4.848,-98.16,408.06,4.9,3.8,3.34,-0.042,TP5xATR/SL3xATR,atr,5.0,3.0,Full,"[0.50, 0.55)"
355606,1.72,5.45,92.83,46.3,0.093,0.093,-0.3,0.393,-4.101,4.867,-98.2,169.41,4.87,3.83,3.07,0.015,TP5xATR/SL3xATR,atr,5.0,3.0,Full,"[0.55, 0.60)"
203838,1.8,5.93,92.26,48.8,0.401,0.401,-0.132,0.701,-3.956,4.975,-98.17,187.8,4.85,3.86,2.84,0.065,TP5xATR/SL3xATR,atr,5.0,3.0,Full,"[0.60, 0.65)"
66999,1.92,6.24,91.84,53.01,1.154,1.154,0.374,1.454,-4.289,6.155,-72.69,995.48,4.82,3.91,2.53,0.162,TP5xATR/SL3xATR,atr,5.0,3.0,Full,"[0.65, 0.70)"
8054,4.93,5.51,89.56,63.77,3.943,3.943,2.731,4.243,-4.419,9.446,-43.95,142.45,4.84,4.34,2.69,0.414,TP5xATR/SL3xATR,atr,5.0,3.0,Full,"[0.70, 0.75)"
796,20.23,13.94,65.83,58.17,5.74,5.74,4.114,6.04,-3.271,9.929,-22.12,54.81,4.66,4.59,3.14,0.549,TP5xATR/SL3xATR,atr,5.0,3.0,Full,"[0.75, 0.80)"
7708,1.26,5.16,93.58,32.17,-1.455,-1.455,-1.846,-1.155,-5.066,4.276,-28.29,51.27,4.91,3.58,3.57,-0.243,TP5xATR/SL3xATR,atr,5.0,3.0,OOS,"[0.30, 0.35)"
15462,1.4,5.04,93.56,35.11,-1.143,-1.143,-1.46,-0.843,-4.707,4.261,-35.25,48.59,4.9,3.58,3.5,-0.196,TP5xATR/SL3xATR,atr,5.0,3.0,OOS,"[0.35, 0.40)"
21296,1.4,5.01,93.59,36.65,-0.885,-0.885,-1.27,-0.585,-4.412,4.207,-33.87,56.47,4.9,3.65,3.42,-0.156,TP5xATR/SL3xATR,atr,5.0,3.0,OOS,"[0.40, 0.45)"
38176,1.39,4.94,93.67,38.99,-0.653,-0.653,-1.018,-0.353,-4.251,4.233,-65.31,51.61,4.91,3.63,3.48,-0.116,TP5xATR/SL3xATR,atr,5.0,3.0,OOS,"[0.45, 0.50)"
45619,1.3,4.74,93.96,41.26,-0.461,-0.461,-0.772,-0.161,-4.054,4.169,-49.33,57.23,4.91,3.69,3.44,-0.084,TP5xATR/SL3xATR,atr,5.0,3.0,OOS,"[0.50, 0.55)"
50132,1.33,5.23,93.44,43.29,-0.261,-0.261,-0.486,0.039,-3.81,4.088,-64.03,47.87,4.89,3.79,3.23,-0.05,TP5xATR/SL3xATR,atr,5.0,3.0,OOS,"[0.55, 0.60)"
30057,1.38,5.71,92.92,44.29,-0.157,-0.157,-0.336,0.143,-3.735,4.079,-37.43,48.43,4.87,3.84,3.09,-0.03,TP5xATR/SL3xATR,atr,5.0,3.0,OOS,"[0.60, 0.65)"
10938,1.84,5.34,92.82,46.32,0.286,0.286,-0.3,0.586,-4.14,5.055,-63.44,65.6,4.87,3.81,2.91,0.045,TP5xATR/SL3xATR,atr,5.0,3.0,OOS,"[0.65, 0.70)"
1209,2.89,3.8,93.3,46.98,0.977,0.977,-0.206,1.277,-4.434,6.365,-29.86,47.41,4.88,3.66,2.98,0.125,TP5xATR/SL3xATR,atr,5.0,3.0,OOS,"[0.70, 0.75)"
67,17.91,13.43,68.66,23.88,0.465,0.465,-0.214,0.765,-1.608,3.049,-13.6,21.18,4.46,3.67,2.78,0.091,TP5xATR/SL3xATR,atr,5.0,3.0,OOS,"[0.75, 0.80)"
48865,1.73,0.77,97.5,31.64,-1.882,-1.882,-2.229,-1.582,-6.146,4.847,-59.53,94.57,4.96,3.54,3.4,-0.263,TP5xATR/SL5xATR,atr,5.0,5.0,Full,"[0.30, 0.35)"
103067,1.71,0.95,97.33,34.72,-1.377,-1.377,-1.768,-1.077,-5.59,4.821,-83.95,245.78,4.96,3.67,2.78,-0.202,TP5xATR/SL5xATR,atr,5.0,5.0,Full,"[0.35, 0.40)"
141982,1.75,1.15,97.1,37.6,-0.892,-0.892,-1.336,-0.592,-5.136,4.894,-82.96,416.39,4.95,3.74,2.28,-0.134,TP5xATR/SL5xATR,atr,5.0,5.0,Full,"[0.40, 0.45)"
257220,1.7,1.27,97.03,40.5,-0.547,-0.547,-0.968,-0.247,-4.793,4.893,-82.59,433.9,4.94,3.72,2.12,-0.084,TP5xATR/SL5xATR,atr,5.0,5.0,Full,"[0.45, 0.50)"
322349,1.64,1.24,97.13,43.51,-0.215,-0.215,-0.602,0.085,-4.458,4.855,-98.16,408.06,4.94,3.8,2.13,-0.034,TP5xATR/SL5xATR,atr,5.0,5.0,Full,"[0.50, 0.55)"
355606,1.73,1.77,96.5,46.43,0.143,0.143,-0.3,0.443,-4.135,4.873,-98.2,169.41,4.92,3.83,1.76,0.023,TP5xATR/SL5xATR,atr,5.0,5.0,Full,"[0.55, 0.60)"
203838,1.81,2.42,95.77,48.95,0.45,0.45,-0.114,0.75,-3.99,4.981,-98.17,187.8,4.9,3.86,1.64,0.073,TP5xATR/SL5xATR,atr,5.0,5.0,Full,"[0.60, 0.65)"
66999,1.95,3.15,94.9,53.17,1.209,1.209,0.392,1.509,-4.322,6.164,-72.69,995.48,4.87,3.91,1.46,0.17,TP5xATR/SL5xATR,atr,5.0,5.0,Full,"[0.65, 0.70)"
8054,4.97,2.92,92.12,63.93,3.935,3.935,2.758,4.235,-4.506,9.466,-48.16,142.45,4.89,4.33,2.28,0.41,TP5xATR/SL5xATR,atr,5.0,5.0,Full,"[0.70, 0.75)"
796,20.73,6.16,73.12,59.05,5.689,5.689,4.699,5.989,-3.561,10.027,-22.12,54.81,4.81,4.56,3.43,0.527,TP5xATR/SL5xATR,atr,5.0,5.0,Full,"[0.75, 0.80)"
7708,1.31,0.79,97.9,32.36,-1.426,-1.426,-1.81,-1.126,-5.135,4.292,-42.01,51.27,4.97,3.63,3.26,-0.234,TP5xATR/SL5xATR,atr,5.0,5.0,OOS,"[0.30, 0.35)"
15462,1.44,0.98,97.58,35.29,-1.111,-1.111,-1.437,-0.811,-4.761,4.275,-43.12,48.59,4.96,3.61,2.56,-0.187,TP5xATR/SL5xATR,atr,5.0,5.0,OOS,"[0.35, 0.40)"
21296,1.42,1.01,97.57,36.79,-0.836,-0.836,-1.236,-0.536,-4.442,4.217,-40.71,56.47,4.95,3.67,2.03,-0.148,TP5xATR/SL5xATR,atr,5.0,5.0,OOS,"[0.40, 0.45)"
38176,1.41,0.97,97.63,39.1,-0.617,-0.617,-1.003,-0.317,-4.281,4.24,-66.13,51.61,4.95,3.64,2.07,-0.109,TP5xATR/SL5xATR,atr,5.0,5.0,OOS,"[0.45, 0.50)"
45619,1.31,1.0,97.69,41.35,-0.433,-0.433,-0.759,-0.133,-4.08,4.173,-49.33,57.23,4.95,3.7,2.13,-0.079,TP5xATR/SL5xATR,atr,5.0,5.0,OOS,"[0.50, 0.55)"
50132,1.34,1.43,97.23,43.4,-0.233,-0.233,-0.471,0.067,-3.834,4.092,-64.03,47.87,4.94,3.79,1.81,-0.044,TP5xATR/SL5xATR,atr,5.0,5.0,OOS,"[0.55, 0.60)"
30057,1.4,1.92,96.68,44.42,-0.135,-0.135,-0.32,0.165,-3.764,4.083,-49.34,48.43,4.92,3.83,1.77,-0.026,TP5xATR/SL5xATR,atr,5.0,5.0,OOS,"[0.60, 0.65)"
10938,1.88,2.05,96.07,46.47,0.323,0.323,-0.273,0.623,-4.164,5.065,-63.44,65.6,4.91,3.82,1.51,0.051,TP5xATR/SL5xATR,atr,5.0,5.0,OOS,"[0.65, 0.70)"
1209,2.98,1.99,95.04,47.06,0.974,0.974,-0.206,1.274,-4.477,6.365,-31.22,47.41,4.91,3.64,2.58,0.124,TP5xATR/SL5xATR,atr,5.0,5.0,OOS,"[0.70, 0.75)"
67,17.91,5.97,76.12,23.88,0.472,0.472,-0.214,0.772,-1.677,3.05,-16.62,21.18,4.66,3.67,3.25,0.092,TP5xATR/SL5xATR,atr,5.0,5.0,OOS,"[0.75, 0.80)"
48865,0.17,21.11,78.73,30.62,-2.003,-2.003,-2.485,-1.703,-5.828,4.817,-52.18,94.57,4.65,4.04,3.33,-0.29,TP10xATR/SL2xATR,atr,10.0,2.0,Full,"[0.30, 0.35)"
103067,0.1,18.74,81.15,33.87,-1.488,-1.488,-1.959,-1.188,-5.337,4.806,-79.48,245.78,4.69,3.99,3.36,-0.224,TP10xATR/SL2xATR,atr,10.0,2.0,Full,"[0.35, 0.40)"
141982,0.12,17.04,82.83,36.83,-1.009,-1.009,-1.48,-0.709,-4.928,4.894,-82.96,416.39,4.72,4.05,3.37,-0.154,TP10xATR/SL2xATR,atr,10.0,2.0,Full,"[0.40, 0.45)"
257220,0.11,16.23,83.66,39.73,-0.658,-0.658,-1.087,-0.358,-4.604,4.89,-82.59,433.9,4.73,3.97,3.35,-0.102,TP10xATR/SL2xATR,atr,10.0,2.0,Full,"[0.45, 0.50)"
322349,0.11,15.36,84.53,42.76,-0.323,-0.323,-0.708,-0.023,-4.287,4.854,-98.16,408.06,4.74,4.06,3.34,-0.052,TP10xATR/SL2xATR,atr,10.0,2.0,Full,"[0.50, 0.55)"
355606,0.11,15.26,84.62,45.63,0.026,0.026,-0.3,0.326,-3.98,4.872,-98.2,226.97,4.73,3.98,3.23,0.004,TP10xATR/SL2xATR,atr,10.0,2.0,Full,"[0.55, 0.60)"
203838,0.14,15.3,84.56,48.07,0.328,0.328,-0.205,0.628,-3.839,4.977,-98.17,287.14,4.71,3.65,3.1,0.053,TP10xATR/SL2xATR,atr,10.0,2.0,Full,"[0.60, 0.65)"
66999,0.15,14.63,85.22,52.13,1.034,1.034,0.276,1.334,-4.175,6.147,-72.69,995.48,4.69,3.69,2.89,0.143,TP10xATR/SL2xATR,atr,10.0,2.0,Full,"[0.65, 0.70)"
8054,0.36,12.09,87.55,62.53,3.785,3.785,2.489,4.085,-4.283,9.388,-43.95,162.62,4.72,3.31,2.75,0.391,TP10xATR/SL2xATR,atr,10.0,2.0,Full,"[0.70, 0.75)"
796,1.76,23.62,74.62,54.9,5.797,5.797,3.402,6.097,-2.933,9.668,-22.12,54.81,4.39,3.29,2.56,0.544,TP10xATR/SL2xATR,atr,10.0,2.0,Full,"[0.75, 0.80)"
7708,0.16,18.86,80.98,31.56,-1.5,-1.5,-1.975,-1.2,-4.9,4.273,-28.29,70.78,4.69,3.92,3.37,-0.256,TP10xATR/SL2xATR,atr,10.0,2.0,OOS,"[0.30, 0.35)"
15462,0.09,17.84,82.07,34.54,-1.178,-1.178,-1.577,-0.878,-4.556,4.257,-29.39,60.19,4.71,3.93,3.4,-0.206,TP10xATR/SL2xATR,atr,10.0,2.0,OOS,"[0.35, 0.40)"
21296,0.08,17.08,82.83,36.15,-0.939,-0.939,-1.369,-0.639,-4.288,4.21,-31.49,81.24,4.73,3.78,3.42,-0.17,TP10xATR/SL2xATR,atr,10.0,2.0,OOS,"[0.40, 0.45)"
38176,0.08,16.66,83.26,38.44,-0.718,-0.718,-1.104,-0.418,-4.131,4.229,-29.39,64.7,4.74,3.75,3.42,-0.129,TP10xATR/SL2xATR,atr,10.0,2.0,OOS,"[0.45, 0.50)"
45619,0.06,16.4,83.54,40.6,-0.538,-0.538,-0.866,-0.238,-3.94,4.159,-49.33,71.49,4.74,3.93,3.41,-0.1,TP10xATR/SL2xATR,atr,10.0,2.0,OOS,"[0.50, 0.55)"
50132,0.09,16.36,83.55,42.68,-0.318,-0.318,-0.559,-0.018,-3.704,4.083,-64.03,81.6,4.73,4.02,3.34,-0.061,TP10xATR/SL2xATR,atr,10.0,2.0,OOS,"[0.55, 0.60)"
30057,0.14,16.63,83.23,43.57,-0.241,-0.241,-0.427,0.059,-3.632,4.063,-33.23,64.29,4.71,3.39,3.28,-0.047,TP10xATR/SL2xATR,atr,10.0,2.0,OOS,"[0.60, 0.65)"
10938,0.07,14.86,85.07,45.55,0.163,0.163,-0.3,0.463,-4.039,5.036,-63.44,81.6,4.73,3.75,3.19,0.026,TP10xATR/SL2xATR,atr,10.0,2.0,OOS,"[0.65, 0.70)"
1209,0.17,10.09,89.74,46.48,0.926,0.926,-0.211,1.226,-4.344,6.451,-29.86,65.22,4.82,3.5,3.28,0.117,TP10xATR/SL2xATR,atr,10.0,2.0,OOS,"[0.70, 0.75)"
67,8.96,17.91,73.13,22.39,0.529,0.529,-0.218,0.829,-1.415,2.947,-9.52,21.18,4.43,3.5,2.58,0.106,TP10xATR/SL2xATR,atr,10.0,2.0,OOS,"[0.75, 0.80)"
48865,0.17,6.5,93.32,31.33,-1.979,-1.979,-2.294,-1.679,-6.076,4.883,-59.53,94.57,4.91,4.05,3.64,-0.275,TP10xATR/SL3xATR,atr,10.0,3.0,Full,"[0.30, 0.35)"
103067,0.1,5.84,94.05,34.48,-1.465,-1.465,-1.809,-1.165,-5.537,4.852,-83.95,245.78,4.91,3.99,3.52,-0.214,TP10xATR/SL3xATR,atr,10.0,3.0,Full,"[0.35, 0.40)"
141982,0.12,5.53,94.34,37.38,-0.976,-0.976,-1.37,-0.676,-5.093,4.932,-82.96,416.39,4.91,4.05,3.39,-0.145,TP10xATR/SL3xATR,atr,10.0,3.0,Full,"[0.40, 0.45)"
257220,0.11,5.28,94.61,40.33,-0.611,-0.611,-0.992,-0.311,-4.752,4.928,-82.59,433.9,4.91,3.97,3.33,-0.093,TP10xATR/SL3xATR,atr,10.0,3.0,Full,"[0.45, 0.50)"
322349,0.11,5.06,94.82,43.36,-0.268,-0.268,-0.621,0.032,-4.421,4.888,-98.16,408.06,4.91,4.07,3.34,-0.042,TP10xATR/SL3xATR,atr,10.0,3.0,Full,"[0.50, 0.55)"
355606,0.11,5.46,94.43,46.27,0.094,0.094,-0.3,0.394,-4.102,4.905,-98.2,226.97,4.89,3.99,3.07,0.015,TP10xATR/SL3xATR,atr,10.0,3.0,Full,"[0.55, 0.60)"
203838,0.14,5.94,93.92,48.75,0.404,0.404,-0.137,0.704,-3.957,5.011,-98.17,287.14,4.87,3.65,2.84,0.064,TP10xATR/SL3xATR,atr,10.0,3.0,Full,"[0.60, 0.65)"
66999,0.16,6.24,93.6,52.95,1.166,1.166,0.368,1.466,-4.29,6.197,-72.69,995.48,4.84,3.72,2.53,0.16,TP10xATR/SL3xATR,atr,10.0,3.0,Full,"[0.65, 0.70)"
8054,0.36,5.51,94.13,63.67,4.002,4.002,2.705,4.302,-4.42,9.536,-43.95,162.62,4.87,3.31,2.69,0.413,TP10xATR/SL3xATR,atr,10.0,3.0,Full,"[0.70, 0.75)"
796,1.76,13.94,84.3,58.17,6.079,6.079,4.029,6.379,-3.272,10.134,-22.12,54.81,4.71,3.29,3.14,0.554,TP10xATR/SL3xATR,atr,10.0,3.0,Full,"[0.75, 0.80)"
7708,0.16,5.16,94.68,32.12,-1.477,-1.477,-1.849,-1.177,-5.067,4.316,-28.29,70.78,4.92,3.92,3.57,-0.244,TP10xATR/SL3xATR,atr,10.0,3.0,OOS,"[0.30, 0.35)"
15462,0.09,5.04,94.87,35.07,-1.161,-1.161,-1.462,-0.861,-4.709,4.293,-35.25,60.19,4.92,3.93,3.5,-0.198,TP10xATR/SL3xATR,atr,10.0,3.0,OOS,"[0.35, 0.40)"
21296,0.08,5.01,94.91,36.61,-0.911,-0.911,-1.27,-0.611,-4.412,4.234,-33.87,81.24,4.92,3.78,3.42,-0.161,TP10xATR/SL3xATR,atr,10.0,3.0,OOS,"[0.40, 0.45)"
38176,0.08,4.95,94.97,38.96,-0.677,-0.677,-1.02,-0.377,-4.252,4.26,-65.31,64.7,4.92,3.75,3.48,-0.12,TP10xATR/SL3xATR,atr,10.0,3.0,OOS,"[0.45, 0.50)"
45619,0.07,4.74,95.19,41.24,-0.485,-0.485,-0.774,-0.185,-4.055,4.191,-49.33,71.49,4.93,3.97,3.44,-0.089,TP10xATR/SL3xATR,atr,10.0,3.0,OOS,"[0.50, 0.55)"
50132,0.09,5.23,94.68,43.28,-0.268,-0.268,-0.486,0.032,-3.811,4.111,-64.03,81.6,4.91,4.02,3.23,-0.051,TP10xATR/SL3xATR,atr,10.0,3.0,OOS,"[0.55, 0.60)"
30057,0.14,5.71,94.15,44.25,-0.174,-0.174,-0.339,0.126,-3.737,4.096,-37.43,64.29,4.89,3.39,3.09,-0.033,TP10xATR/SL3xATR,atr,10.0,3.0,OOS,"[0.60, 0.65)"
10938,0.08,5.36,94.56,46.19,0.258,0.258,-0.3,0.558,-4.141,5.079,-63.44,81.6,4.89,3.89,2.91,0.041,TP10xATR/SL3xATR,atr,10.0,3.0,OOS,"[0.65, 0.70)"
1209,0.17,3.8,96.03,46.9,0.969,0.969,-0.207,1.269,-4.435,6.467,-29.86,65.22,4.92,3.5,2.98,0.122,TP10xATR/SL3xATR,atr,10.0,3.0,OOS,"[0.70, 0.75)"
67,8.96,13.43,77.61,23.88,0.622,0.622,-0.217,0.922,-1.608,3.163,-13.6,21.18,4.57,3.5,2.78,0.112,TP10xATR/SL3xATR,atr,10.0,3.0,OOS,"[0.75, 0.80)"
48865,0.18,0.77,99.06,31.56,-1.911,-1.911,-2.235,-1.611,-6.149,4.901,-59.53,94.57,4.99,4.06,3.4,-0.264,TP10xATR/SL5xATR,atr,10.0,5.0,Full,"[0.30, 0.35)"
103067,0.11,0.95,98.94,34.66,-1.402,-1.402,-1.771,-1.102,-5.592,4.867,-83.95,245.78,4.98,4.01,2.78,-0.204,TP10xATR/SL5xATR,atr,10.0,5.0,Full,"[0.35, 0.40)"
141982,0.12,1.15,98.72,37.55,-0.907,-0.907,-1.34,-0.607,-5.137,4.942,-82.96,416.39,4.97,4.04,2.28,-0.135,TP10xATR/SL5xATR,atr,10.0,5.0,Full,"[0.40, 0.45)"
257220,0.11,1.28,98.61,40.46,-0.558,-0.558,-0.97,-0.258,-4.794,4.936,-82.59,433.9,4.96,3.97,2.12,-0.085,TP10xATR/SL5xATR,atr,10.0,5.0,Full,"[0.45, 0.50)"
322349,0.11,1.24,98.65,43.49,-0.218,-0.218,-0.603,0.082,-4.458,4.895,-98.16,408.06,4.96,4.06,2.13,-0.034,TP10xATR/SL5xATR,atr,10.0,5.0,Full,"[0.50, 0.55)"
355606,0.12,1.78,98.11,46.4,0.143,0.143,-0.3,0.443,-4.135,4.911,-98.2,226.97,4.94,3.99,1.76,0.023,TP10xATR/SL5xATR,atr,10.0,5.0,Full,"[0.55, 0.60)"
203838,0.14,2.42,97.44,48.89,0.452,0.452,-0.12,0.752,-3.991,5.017,-98.17,287.14,4.92,3.66,1.64,0.072,TP10xATR/SL5xATR,atr,10.0,5.0,Full,"[0.60, 0.65)"
66999,0.17,3.15,96.69,53.1,1.22,1.22,0.385,1.52,-4.323,6.206,-72.69,995.48,4.89,3.71,1.47,0.169,TP10xATR/SL5xATR,atr,10.0,5.0,Full,"[0.65, 0.70)"
8054,0.36,2.92,96.72,63.83,3.995,3.995,2.736,4.295,-4.507,9.556,-48.16,162.62,4.91,3.31,2.28,0.408,TP10xATR/SL5xATR,atr,10.0,5.0,Full,"[0.70, 0.75)"
796,1.76,6.16,92.09,58.92,6.034,6.034,4.114,6.334,-3.562,10.244,-22.12,54.81,4.87,3.29,3.43,0.534,TP10xATR/SL5xATR,atr,10.0,5.0,Full,"[0.75, 0.80)"
7708,0.16,0.79,99.05,32.3,-1.452,-1.452,-1.81,-1.152,-5.136,4.333,-42.01,70.78,4.98,3.92,3.26,-0.235,TP10xATR/SL5xATR,atr,10.0,5.0,OOS,"[0.30, 0.35)"
15462,0.09,0.98,98.93,35.24,-1.131,-1.131,-1.442,-0.831,-4.763,4.307,-43.12,60.19,4.98,3.93,2.56,-0.19,TP10xATR/SL5xATR,atr,10.0,5.0,OOS,"[0.35, 0.40)"
21296,0.08,1.01,98.91,36.75,-0.862,-0.862,-1.238,-0.562,-4.443,4.244,-40.71,81.24,4.97,3.78,2.03,-0.152,TP10xATR/SL5xATR,atr,10.0,5.0,OOS,"[0.40, 0.45)"
38176,0.08,0.97,98.94,39.06,-0.641,-0.641,-1.004,-0.341,-4.282,4.267,-66.13,64.7,4.97,3.75,2.09,-0.113,TP10xATR/SL5xATR,atr,10.0,5.0,OOS,"[0.45, 0.50)"
45619,0.07,1.0,98.93,41.34,-0.456,-0.456,-0.76,-0.156,-4.081,4.195,-49.33,71.49,4.97,3.97,2.13,-0.084,TP10xATR/SL5xATR,atr,10.0,5.0,OOS,"[0.50, 0.55)"
50132,0.09,1.43,98.48,43.39,-0.241,-0.241,-0.471,0.059,-3.835,4.115,-64.03,81.6,4.95,4.02,1.81,-0.045,TP10xATR/SL5xATR,atr,10.0,5.0,OOS,"[0.55, 0.60)"
30057,0.14,1.92,97.94,44.37,-0.153,-0.153,-0.321,0.147,-3.765,4.1,-49.34,64.29,4.94,3.39,1.77,-0.029,TP10xATR/SL5xATR,atr,10.0,5.0,OOS,"[0.60, 0.65)"
10938,0.1,2.05,97.85,46.36,0.297,0.297,-0.276,0.597,-4.165,5.089,-63.44,81.6,4.93,4.0,1.51,0.047,TP10xATR/SL5xATR,atr,10.0,5.0,OOS,"[0.65, 0.70)"
1209,0.17,1.99,97.85,46.98,0.96,0.96,-0.206,1.26,-4.478,6.467,-31.22,65.22,4.95,3.5,2.58,0.12,TP10xATR/SL5xATR,atr,10.0,5.0,OOS,"[0.70, 0.75)"
67,8.96,5.97,85.07,23.88,0.629,0.629,-0.217,0.929,-1.677,3.164,-16.62,21.18,4.76,3.5,3.25,0.113,TP10xATR/SL5xATR,atr,10.0,5.0,OOS,"[0.75, 0.80)"
